userId,movieId,title,recommendation_score
1,4226,Memento (2000),3.3162
1,1682,"Truman Show, The (1998)",3.056
1,3793,X-Men (2000),3.0124
2,733,"Rock, The (1996)",4.1066
2,141,"Birdcage, The (1996)",3.0949
2,7,Sabrina (1995),2.9981
3,318,"Shawshank Redemption, The (1994)",3.622
3,47,Seven (a.k.a. Se7en) (1995),3.2777
3,474,In the Line of Fire (1993),3.0294
4,923,Citizen Kane (1941),4.7921
4,1193,One Flew Over the Cuckoo's Nest (1975),4.3849
4,750,Dr. Strangelove or: How I Learned to Stop Worrying and Love the Bomb (1964),4.2775
5,356,Forrest Gump (1994),2.8058
5,260,Star Wars: Episode IV - A New Hope (1977),2.4014
5,3114,Toy Story 2 (1999),2.3889
6,296,Pulp Fiction (1994),4.184
6,58559,"Dark Knight, The (2008)",3.6726
6,4226,Memento (2000),3.6545
7,2762,"Sixth Sense, The (1999)",3.9972
7,4226,Memento (2000),3.9192
7,50,"Usual Suspects, The (1995)",3.9082
8,608,Fargo (1996),3.6079
8,494,Executive Decision (1996),3.4738
8,628,Primal Fear (1996),2.364
9,292,Outbreak (1995),3.2042
9,364,"Lion King, The (1994)",2.6851
9,141,"Birdcage, The (1996)",2.4652
10,296,Pulp Fiction (1994),3.3694
10,318,"Shawshank Redemption, The (1994)",3.1774
10,593,"Silence of the Lambs, The (1991)",2.6635
11,318,"Shawshank Redemption, The (1994)",3.8393
11,1259,Stand by Me (1986),3.563
11,457,"Fugitive, The (1993)",3.5236
12,2571,"Matrix, The (1999)",2.1014
12,1220,"Blues Brothers, The (1980)",1.9419
12,4306,Shrek (2001),1.8174
13,296,Pulp Fiction (1994),3.0152
13,318,"Shawshank Redemption, The (1994)",2.9601
13,2571,"Matrix, The (1999)",2.8431
14,260,Star Wars: Episode IV - A New Hope (1977),4.5913
14,733,"Rock, The (1996)",3.9095
14,802,Phenomenon (1996),3.5065
15,608,Fargo (1996),4.1881
15,1732,"Big Lebowski, The (1998)",3.4073
15,593,"Silence of the Lambs, The (1991)",3.3748
16,10,GoldenEye (1995),3.3825
16,150,Apollo 13 (1995),3.3451
16,318,"Shawshank Redemption, The (1994)",3.3202
17,3578,Gladiator (2000),4.1001
17,1198,Raiders of the Lost Ark (Indiana Jones and the Raiders of the Lost Ark) (1981),3.9701
17,527,Schindler's List (1993),3.4493
18,260,Star Wars: Episode IV - A New Hope (1977),4.1936
18,1210,Star Wars: Episode VI - Return of the Jedi (1983),4.1451
18,1196,Star Wars: Episode V - The Empire Strikes Back (1980),4.042
19,79132,Inception (2010),4.5005
19,356,Forrest Gump (1994),3.8668
19,2959,Fight Club (1999),3.8338
20,318,"Shawshank Redemption, The (1994)",3.433
20,7153,"Lord of the Rings: The Return of the King, The (2003)",3.2145
20,44191,V for Vendetta (2006),2.9969
21,60069,WALL·E (2008),2.5793
21,356,Forrest Gump (1994),2.5752
21,33794,Batman Begins (2005),2.5524
22,2858,American Beauty (1999),4.2079
22,2571,"Matrix, The (1999)",4.1641
22,4993,"Lord of the Rings: The Fellowship of the Ring, The (2001)",4.1603
23,296,Pulp Fiction (1994),3.9553
23,318,"Shawshank Redemption, The (1994)",3.7665
23,48516,"Departed, The (2006)",3.5481
24,919,"Wizard of Oz, The (1939)",4.7789
24,1204,Lawrence of Arabia (1962),4.3402
24,1193,One Flew Over the Cuckoo's Nest (1975),4.1489
25,2791,Airplane! (1980),3.5188
25,597,Pretty Woman (1990),3.4883
25,296,Pulp Fiction (1994),3.486
26,2959,Fight Club (1999),3.3744
26,858,"Godfather, The (1972)",2.6536
26,1617,L.A. Confidential (1997),2.4389
27,1197,"Princess Bride, The (1987)",3.5626
27,296,Pulp Fiction (1994),3.3041
27,2571,"Matrix, The (1999)",3.2662
28,480,Jurassic Park (1993),4.308
28,296,Pulp Fiction (1994),3.716
28,590,Dances with Wolves (1990),3.3147
29,293,Léon: The Professional (a.k.a. The Professional) (Léon) (1994),2.5273
29,253,Interview with the Vampire: The Vampire Chronicles (1994),2.4323
29,266,Legends of the Fall (1994),2.3565
30,2959,Fight Club (1999),3.5994
30,4226,Memento (2000),3.4402
30,296,Pulp Fiction (1994),3.334
31,356,Forrest Gump (1994),3.9154
31,292,Outbreak (1995),3.1977
31,339,While You Were Sleeping (1995),3.188
32,1204,Lawrence of Arabia (1962),4.1317
32,903,Vertigo (1958),3.8988
32,2028,Saving Private Ryan (1998),3.4581
33,1247,"Graduate, The (1967)",4.197
33,1945,On the Waterfront (1954),4.0444
33,919,"Wizard of Oz, The (1939)",4.0068
34,1196,Star Wars: Episode V - The Empire Strikes Back (1980),3.3499
34,2571,"Matrix, The (1999)",3.3145
34,1198,Raiders of the Lost Ark (Indiana Jones and the Raiders of the Lost Ark) (1981),3.0905
35,260,Star Wars: Episode IV - A New Hope (1977),4.0476
35,1,Toy Story (1995),3.2667
35,1210,Star Wars: Episode VI - Return of the Jedi (1983),3.1161
36,296,Pulp Fiction (1994),3.7014
36,377,Speed (1994),3.2501
36,480,Jurassic Park (1993),2.8515
37,1250,"Bridge on the River Kwai, The (1957)",3.0435
37,296,Pulp Fiction (1994),2.9586
37,1204,Lawrence of Arabia (1962),2.9282
38,1961,Rain Man (1988),3.0772
38,68157,Inglourious Basterds (2009),2.9265
38,110,Braveheart (1995),2.851
39,589,Terminator 2: Judgment Day (1991),3.1634
39,380,True Lies (1994),2.1538
39,588,Aladdin (1992),2.0765
40,1617,L.A. Confidential (1997),1.9321
40,1183,"English Patient, The (1996)",1.7989
40,260,Star Wars: Episode IV - A New Hope (1977),1.7515
41,4993,"Lord of the Rings: The Fellowship of the Ring, The (2001)",4.1117
41,3578,Gladiator (2000),3.7805
41,2959,Fight Club (1999),3.3968
42,6539,Pirates of the Caribbean: The Curse of the Black Pearl (2003),3.3436
42,356,Forrest Gump (1994),3.3108
42,1704,Good Will Hunting (1997),2.8814
43,356,Forrest Gump (1994),3.127
43,1291,Indiana Jones and the Last Crusade (1989),3.0753
43,260,Star Wars: Episode IV - A New Hope (1977),2.9558
44,1210,Star Wars: Episode VI - Return of the Jedi (1983),4.0748
44,589,Terminator 2: Judgment Day (1991),3.9284
44,1291,Indiana Jones and the Last Crusade (1989),3.8742
45,1198,Raiders of the Lost Ark (Indiana Jones and the Raiders of the Lost Ark) (1981),4.4642
45,2571,"Matrix, The (1999)",4.3177
45,593,"Silence of the Lambs, The (1991)",3.7688
46,2858,American Beauty (1999),3.6057
46,2716,Ghostbusters (a.k.a. Ghost Busters) (1984),2.2979
46,608,Fargo (1996),2.2223
47,590,Dances with Wolves (1990),3.6979
47,253,Interview with the Vampire: The Vampire Chronicles (1994),3.1194
47,356,Forrest Gump (1994),3.0854
48,318,"Shawshank Redemption, The (1994)",2.5424
48,1584,Contact (1997),2.4844
48,527,Schindler's List (1993),2.3857
49,457,"Fugitive, The (1993)",3.8886
49,593,"Silence of the Lambs, The (1991)",3.7112
49,253,Interview with the Vampire: The Vampire Chronicles (1994),3.4926
50,1221,"Godfather: Part II, The (1974)",4.2711
50,912,Casablanca (1942),4.0046
50,1265,Groundhog Day (1993),3.9542
51,592,Batman (1989),3.103
51,339,While You Were Sleeping (1995),2.6663
51,150,Apollo 13 (1995),2.6287
52,79132,Inception (2010),3.6756
52,6539,Pirates of the Caribbean: The Curse of the Black Pearl (2003),3.613
52,58559,"Dark Knight, The (2008)",3.321
53,50,"Usual Suspects, The (1995)",3.2857
53,593,"Silence of the Lambs, The (1991)",3.2455
53,4226,Memento (2000),3.1773
54,1198,Raiders of the Lost Ark (Indiana Jones and the Raiders of the Lost Ark) (1981),4.3063
54,318,"Shawshank Redemption, The (1994)",3.7035
54,150,Apollo 13 (1995),3.6505
55,2959,Fight Club (1999),4.1919
55,50,"Usual Suspects, The (1995)",3.487
55,296,Pulp Fiction (1994),3.3934
56,593,"Silence of the Lambs, The (1991)",3.7204
56,2571,"Matrix, The (1999)",3.6125
56,1198,Raiders of the Lost Ark (Indiana Jones and the Raiders of the Lost Ark) (1981),3.3313
57,2858,American Beauty (1999),3.5487
57,858,"Godfather, The (1972)",2.7326
57,3949,Requiem for a Dream (2000),2.6512
58,1234,"Sting, The (1973)",2.0347
58,296,Pulp Fiction (1994),1.7281
58,858,"Godfather, The (1972)",1.4629
59,1196,Star Wars: Episode V - The Empire Strikes Back (1980),4.4772
59,260,Star Wars: Episode IV - A New Hope (1977),4.3373
59,2571,"Matrix, The (1999)",4.3136
60,296,Pulp Fiction (1994),4.1324
60,608,Fargo (1996),4.0786
60,1196,Star Wars: Episode V - The Empire Strikes Back (1980),4.0235
61,1089,Reservoir Dogs (1992),4.4656
61,2997,Being John Malkovich (1999),4.1599
61,50,"Usual Suspects, The (1995)",4.1506
62,5418,"Bourne Identity, The (2002)",4.0495
62,2194,"Untouchables, The (1987)",3.8544
62,924,2001: A Space Odyssey (1968),3.7143
63,608,Fargo (1996),4.3702
63,1258,"Shining, The (1980)",4.1839
63,527,Schindler's List (1993),4.0726
64,6539,Pirates of the Caribbean: The Curse of the Black Pearl (2003),4.261
64,356,Forrest Gump (1994),4.0933
64,1198,Raiders of the Lost Ark (Indiana Jones and the Raiders of the Lost Ark) (1981),3.8961
65,296,Pulp Fiction (1994),4.4028
65,367,"Mask, The (1994)",3.1918
65,349,Clear and Present Danger (1994),3.1671
66,1,Toy Story (1995),3.8495
66,2329,American History X (1998),3.8126
66,47,Seven (a.k.a. Se7en) (1995),3.777
67,2959,Fight Club (1999),2.1377
67,296,Pulp Fiction (1994),2.1236
67,2762,"Sixth Sense, The (1999)",1.9326
68,318,"Shawshank Redemption, The (1994)",4.0622
68,608,Fargo (1996),3.1373
68,590,Dances with Wolves (1990),2.885
69,1097,E.T. the Extra-Terrestrial (1982),3.9857
69,223,Clerks (1994),3.9709
69,480,Jurassic Park (1993),3.4772
70,296,Pulp Fiction (1994),4.0871
70,527,Schindler's List (1993),2.8462
70,2571,"Matrix, The (1999)",2.7851
71,7153,"Lord of the Rings: The Return of the King, The (2003)",4.2158
71,4993,"Lord of the Rings: The Fellowship of the Ring, The (2001)",4.1169
71,5952,"Lord of the Rings: The Two Towers, The (2002)",4.1088
72,141,"Birdcage, The (1996)",3.0355
72,494,Executive Decision (1996),2.6743
72,1061,Sleepers (1996),2.2219
73,296,Pulp Fiction (1994),3.929
73,356,Forrest Gump (1994),3.1583
73,110,Braveheart (1995),2.4691
74,590,Dances with Wolves (1990),3.8196
74,161,Crimson Tide (1995),3.2977
74,339,While You Were Sleeping (1995),3.1051
75,1196,Star Wars: Episode V - The Empire Strikes Back (1980),4.9144
75,1200,Aliens (1986),4.1407
75,1198,Raiders of the Lost Ark (Indiana Jones and the Raiders of the Lost Ark) (1981),3.2515
76,2571,"Matrix, The (1999)",4.1575
76,318,"Shawshank Redemption, The (1994)",3.5663
76,1210,Star Wars: Episode VI - Return of the Jedi (1983),3.4538
77,2571,"Matrix, The (1999)",4.1697
77,1961,Rain Man (1988),3.9103
77,1,Toy Story (1995),3.6305
78,7153,"Lord of the Rings: The Return of the King, The (2003)",4.2218
78,58559,"Dark Knight, The (2008)",4.1763
78,4993,"Lord of the Rings: The Fellowship of the Ring, The (2001)",4.0692
79,296,Pulp Fiction (1994),4.7468
79,318,"Shawshank Redemption, The (1994)",4.3525
79,47,Seven (a.k.a. Se7en) (1995),4.0431
80,2571,"Matrix, The (1999)",2.8746
80,79132,Inception (2010),2.7619
80,593,"Silence of the Lambs, The (1991)",2.5947
81,1196,Star Wars: Episode V - The Empire Strikes Back (1980),4.1492
81,1197,"Princess Bride, The (1987)",3.7193
81,1198,Raiders of the Lost Ark (Indiana Jones and the Raiders of the Lost Ark) (1981),3.6229
82,527,Schindler's List (1993),3.075
82,356,Forrest Gump (1994),2.0665
82,1247,"Graduate, The (1967)",2.0296
83,318,"Shawshank Redemption, The (1994)",4.1125
83,6377,Finding Nemo (2003),4.0464
83,4963,Ocean's Eleven (2001),3.8683
84,7153,"Lord of the Rings: The Return of the King, The (2003)",3.652
84,6539,Pirates of the Caribbean: The Curse of the Black Pearl (2003),3.639
84,4993,"Lord of the Rings: The Fellowship of the Ring, The (2001)",3.5523
85,1213,Goodfellas (1990),3.0094
85,356,Forrest Gump (1994),2.6405
85,1193,One Flew Over the Cuckoo's Nest (1975),2.4096
86,1196,Star Wars: Episode V - The Empire Strikes Back (1980),3.6803
86,589,Terminator 2: Judgment Day (1991),3.6587
86,1210,Star Wars: Episode VI - Return of the Jedi (1983),3.5753
87,1196,Star Wars: Episode V - The Empire Strikes Back (1980),4.2509
87,2959,Fight Club (1999),3.9251
87,50,"Usual Suspects, The (1995)",3.9212
88,1729,Jackie Brown (1997),3.4652
88,1673,Boogie Nights (1997),3.4164
88,2542,"Lock, Stock & Two Smoking Barrels (1998)",3.2952
89,2918,Ferris Bueller's Day Off (1986),3.4976
89,1265,Groundhog Day (1993),3.3927
89,1193,One Flew Over the Cuckoo's Nest (1975),3.229
90,1198,Raiders of the Lost Ark (Indiana Jones and the Raiders of the Lost Ark) (1981),3.0812
90,1221,"Godfather: Part II, The (1974)",2.7135
90,296,Pulp Fiction (1994),2.4752
91,593,"Silence of the Lambs, The (1991)",3.8914
91,318,"Shawshank Redemption, The (1994)",3.4034
91,1784,As Good as It Gets (1997),2.4397
92,377,Speed (1994),3.9045
92,161,Crimson Tide (1995),2.9724
92,34,Babe (1995),2.9487
93,736,Twister (1996),3.4961
93,1073,Willy Wonka & the Chocolate Factory (1971),3.085
93,376,"River Wild, The (1994)",2.8292
94,318,"Shawshank Redemption, The (1994)",3.5685
94,50,"Usual Suspects, The (1995)",3.4117
94,4226,Memento (2000),3.3912
95,1,Toy Story (1995),3.5365
95,802,Phenomenon (1996),2.9685
95,141,"Birdcage, The (1996)",2.6511
96,1210,Star Wars: Episode VI - Return of the Jedi (1983),2.5745
96,708,"Truth About Cats & Dogs, The (1996)",1.72
96,32,Twelve Monkeys (a.k.a. 12 Monkeys) (1995),1.6247
97,58559,"Dark Knight, The (2008)",4.622
97,33794,Batman Begins (2005),3.7389
97,1198,Raiders of the Lost Ark (Indiana Jones and the Raiders of the Lost Ark) (1981),3.6754
98,2762,"Sixth Sense, The (1999)",3.7439
98,2716,Ghostbusters (a.k.a. Ghost Busters) (1984),2.9677
98,260,Star Wars: Episode IV - A New Hope (1977),2.678
99,1198,Raiders of the Lost Ark (Indiana Jones and the Raiders of the Lost Ark) (1981),3.9548
99,1196,Star Wars: Episode V - The Empire Strikes Back (1980),3.6784
99,1240,"Terminator, The (1984)",3.4751
100,6539,Pirates of the Caribbean: The Curse of the Black Pearl (2003),4.4078
100,356,Forrest Gump (1994),3.9511
100,1197,"Princess Bride, The (1987)",3.8739
101,4993,"Lord of the Rings: The Fellowship of the Ring, The (2001)",3.1399
101,1196,Star Wars: Episode V - The Empire Strikes Back (1980),3.1263
101,260,Star Wars: Episode IV - A New Hope (1977),2.935
102,260,Star Wars: Episode IV - A New Hope (1977),3.1246
102,4226,Memento (2000),2.7969
102,589,Terminator 2: Judgment Day (1991),2.4867
103,356,Forrest Gump (1994),4.411
103,150,Apollo 13 (1995),4.4074
103,588,Aladdin (1992),4.3041
104,527,Schindler's List (1993),4.0073
104,339,While You Were Sleeping (1995),3.4916
104,292,Outbreak (1995),3.3025
105,364,"Lion King, The (1994)",3.6306
105,292,Outbreak (1995),3.1878
105,165,Die Hard: With a Vengeance (1995),2.8957
106,2571,"Matrix, The (1999)",2.7354
106,68954,Up (2009),2.417
106,4886,"Monsters, Inc. (2001)",2.4093
107,527,Schindler's List (1993),4.1699
107,2028,Saving Private Ryan (1998),3.9661
107,1259,Stand by Me (1986),3.5974
108,1196,Star Wars: Episode V - The Empire Strikes Back (1980),4.5797
108,1210,Star Wars: Episode VI - Return of the Jedi (1983),4.2353
108,260,Star Wars: Episode IV - A New Hope (1977),4.1738
109,1258,"Shining, The (1980)",3.7739
109,1193,One Flew Over the Cuckoo's Nest (1975),3.7737
109,1206,"Clockwork Orange, A (1971)",3.5263
110,32,Twelve Monkeys (a.k.a. 12 Monkeys) (1995),4.5488
110,2762,"Sixth Sense, The (1999)",4.3585
110,1,Toy Story (1995),4.1342
111,457,"Fugitive, The (1993)",3.8112
111,185,"Net, The (1995)",3.314
111,50,"Usual Suspects, The (1995)",2.5341
112,1196,Star Wars: Episode V - The Empire Strikes Back (1980),4.0457
112,1097,E.T. the Extra-Terrestrial (1982),3.4666
112,1221,"Godfather: Part II, The (1974)",3.0411
113,2959,Fight Club (1999),4.2129
113,223,Clerks (1994),3.6203
113,364,"Lion King, The (1994)",3.3035
114,2959,Fight Club (1999),3.2538
114,296,Pulp Fiction (1994),3.1921
114,68358,Star Trek (2009),3.0651
115,2959,Fight Club (1999),4.0729
115,79132,Inception (2010),2.925
115,2571,"Matrix, The (1999)",2.6345
116,434,Cliffhanger (1993),2.8604
116,592,Batman (1989),2.691
116,208,Waterworld (1995),2.6804
117,260,Star Wars: Episode IV - A New Hope (1977),4.1246
117,36,Dead Man Walking (1995),3.1325
117,802,Phenomenon (1996),2.9144
118,527,Schindler's List (1993),4.3195
118,1961,Rain Man (1988),4.013
118,2918,Ferris Bueller's Day Off (1986),3.9279
119,47,Seven (a.k.a. Se7en) (1995),3.0614
119,150,Apollo 13 (1995),2.8931
119,589,Terminator 2: Judgment Day (1991),2.8028
120,260,Star Wars: Episode IV - A New Hope (1977),3.639
120,1073,Willy Wonka & the Chocolate Factory (1971),3.283
120,1022,Cinderella (1950),3.281
121,527,Schindler's List (1993),4.3772
121,318,"Shawshank Redemption, The (1994)",4.1268
121,608,Fargo (1996),3.8573
122,608,Fargo (1996),4.1513
122,2028,Saving Private Ryan (1998),3.9837
122,541,Blade Runner (1982),3.954
123,356,Forrest Gump (1994),4.2022
123,50,"Usual Suspects, The (1995)",3.7011
123,1136,Monty Python and the Holy Grail (1975),3.4491
124,2858,American Beauty (1999),4.0233
124,50,"Usual Suspects, The (1995)",3.9724
124,296,Pulp Fiction (1994),3.9688
125,260,Star Wars: Episode IV - A New Hope (1977),3.1702
125,1,Toy Story (1995),2.9327
125,733,"Rock, The (1996)",2.7838
126,590,Dances with Wolves (1990),2.8193
126,292,Outbreak (1995),2.3714
126,150,Apollo 13 (1995),2.3697
127,1,Toy Story (1995),4.1571
127,2571,"Matrix, The (1999)",4.1498
127,1136,Monty Python and the Holy Grail (1975),3.7287
128,1265,Groundhog Day (1993),4.1144
128,3949,Requiem for a Dream (2000),3.6452
128,778,Trainspotting (1996),3.5586
129,318,"Shawshank Redemption, The (1994)",3.7371
129,300,Quiz Show (1994),3.4027
129,110,Braveheart (1995),3.2039
130,2959,Fight Club (1999),4.5676
130,380,True Lies (1994),3.8319
130,47,Seven (a.k.a. Se7en) (1995),3.8093
131,296,Pulp Fiction (1994),3.014
131,2571,"Matrix, The (1999)",2.7858
131,2028,Saving Private Ryan (1998),2.6297
132,457,"Fugitive, The (1993)",2.8075
132,339,While You Were Sleeping (1995),1.9887
132,300,Quiz Show (1994),1.9856
133,589,Terminator 2: Judgment Day (1991),3.2211
133,1101,Top Gun (1986),3.2208
133,592,Batman (1989),3.1829
134,1073,Willy Wonka & the Chocolate Factory (1971),3.5121
134,802,Phenomenon (1996),2.6887
134,708,"Truth About Cats & Dogs, The (1996)",2.3828
135,922,Sunset Blvd. (a.k.a. Sunset Boulevard) (1950),4.0207
135,1247,"Graduate, The (1967)",3.9355
135,1225,Amadeus (1984),3.851
136,2571,"Matrix, The (1999)",4.3512
136,592,Batman (1989),4.0983
136,1291,Indiana Jones and the Last Crusade (1989),3.9114
137,1196,Star Wars: Episode V - The Empire Strikes Back (1980),4.3639
137,527,Schindler's List (1993),4.1956
137,2959,Fight Club (1999),3.9184
138,150,Apollo 13 (1995),3.3916
138,110,Braveheart (1995),3.3876
138,349,Clear and Present Danger (1994),3.2007
139,2858,American Beauty (1999),3.4801
139,1265,Groundhog Day (1993),3.0306
139,1197,"Princess Bride, The (1987)",2.875
140,1073,Willy Wonka & the Chocolate Factory (1971),2.8493
140,724,"Craft, The (1996)",2.0257
140,783,"Hunchback of Notre Dame, The (1996)",1.9275
141,7153,"Lord of the Rings: The Return of the King, The (2003)",3.8904
141,5952,"Lord of the Rings: The Two Towers, The (2002)",3.1544
141,1210,Star Wars: Episode VI - Return of the Jedi (1983),2.8262
142,8533,"Notebook, The (2004)",2.6304
142,6942,Love Actually (2003),1.9889
142,356,Forrest Gump (1994),1.7868
143,590,Dances with Wolves (1990),4.1115
143,161,Crimson Tide (1995),3.2935
143,457,"Fugitive, The (1993)",3.1711
144,2959,Fight Club (1999),3.8481
144,6874,Kill Bill: Vol. 1 (2003),3.1343
144,1198,Raiders of the Lost Ark (Indiana Jones and the Raiders of the Lost Ark) (1981),2.7737
145,1225,Amadeus (1984),3.6105
145,1247,"Graduate, The (1967)",3.3651
145,1196,Star Wars: Episode V - The Empire Strikes Back (1980),3.2918
146,1097,E.T. the Extra-Terrestrial (1982),4.632
146,260,Star Wars: Episode IV - A New Hope (1977),4.5909
146,1196,Star Wars: Episode V - The Empire Strikes Back (1980),4.2861
147,1197,"Princess Bride, The (1987)",4.4565
147,1089,Reservoir Dogs (1992),4.4175
147,2716,Ghostbusters (a.k.a. Ghost Busters) (1984),4.3916
148,474,In the Line of Fire (1993),2.7126
148,508,Philadelphia (1993),2.6056
148,588,Aladdin (1992),2.333
149,527,Schindler's List (1993),3.966
149,356,Forrest Gump (1994),3.8492
149,150,Apollo 13 (1995),3.4683
150,2858,American Beauty (1999),3.9813
150,3578,Gladiator (2000),3.9155
150,356,Forrest Gump (1994),3.4922
151,5,Father of the Bride Part II (1995),2.7223
151,36,Dead Man Walking (1995),2.2518
151,1356,Star Trek: First Contact (1996),2.1516
152,4993,"Lord of the Rings: The Fellowship of the Ring, The (2001)",4.5143
152,2959,Fight Club (1999),3.2954
152,2571,"Matrix, The (1999)",3.2703
153,110,Braveheart (1995),3.9965
153,527,Schindler's List (1993),2.0447
153,593,"Silence of the Lambs, The (1991)",1.9518
154,1641,"Full Monty, The (1997)",2.586
154,1584,Contact (1997),2.5183
154,1722,Tomorrow Never Dies (1997),2.4779
155,260,Star Wars: Episode IV - A New Hope (1977),3.9082
155,1198,Raiders of the Lost Ark (Indiana Jones and the Raiders of the Lost Ark) (1981),3.8493
155,1196,Star Wars: Episode V - The Empire Strikes Back (1980),3.83
156,457,"Fugitive, The (1993)",3.7172
156,349,Clear and Present Danger (1994),3.4111
156,454,"Firm, The (1993)",3.1221
157,648,Mission: Impossible (1996),3.0098
157,2640,Superman (1978),2.9993
157,165,Die Hard: With a Vengeance (1995),2.9883
158,4963,Ocean's Eleven (2001),4.0039
158,1196,Star Wars: Episode V - The Empire Strikes Back (1980),3.7467
158,1265,Groundhog Day (1993),3.4599
159,318,"Shawshank Redemption, The (1994)",3.9484
159,593,"Silence of the Lambs, The (1991)",3.5656
159,356,Forrest Gump (1994),3.4958
160,1,Toy Story (1995),3.3767
160,1234,"Sting, The (1973)",3.2641
160,1136,Monty Python and the Holy Grail (1975),3.1294
161,1036,Die Hard (1988),3.3264
161,858,"Godfather, The (1972)",3.1933
161,364,"Lion King, The (1994)",3.1226
162,590,Dances with Wolves (1990),3.4236
162,364,"Lion King, The (1994)",3.2956
162,589,Terminator 2: Judgment Day (1991),3.2565
163,1196,Star Wars: Episode V - The Empire Strikes Back (1980),3.8727
163,1210,Star Wars: Episode VI - Return of the Jedi (1983),3.2904
163,593,"Silence of the Lambs, The (1991)",3.2542
164,4226,Memento (2000),4.4387
164,5952,"Lord of the Rings: The Two Towers, The (2002)",4.3006
164,592,Batman (1989),4.031
165,788,"Nutty Professor, The (1996)",3.6892
165,17,Sense and Sensibility (1995),2.9494
165,608,Fargo (1996),2.7335
166,356,Forrest Gump (1994),3.9099
166,110,Braveheart (1995),3.7577
166,7153,"Lord of the Rings: The Return of the King, The (2003)",3.7278
167,5418,"Bourne Identity, The (2002)",3.9699
167,296,Pulp Fiction (1994),3.8578
167,48780,"Prestige, The (2006)",3.3503
168,260,Star Wars: Episode IV - A New Hope (1977),3.8235
168,593,"Silence of the Lambs, The (1991)",3.8171
168,527,Schindler's List (1993),3.5094
169,316,Stargate (1994),3.3907
169,165,Die Hard: With a Vengeance (1995),3.2923
169,21,Get Shorty (1995),3.2765
170,50,"Usual Suspects, The (1995)",2.86
170,2959,Fight Club (1999),2.7321
170,593,"Silence of the Lambs, The (1991)",2.6551
171,780,Independence Day (a.k.a. ID4) (1996),3.7846
171,733,"Rock, The (1996)",3.599
171,62,Mr. Holland's Opus (1995),3.564
172,2571,"Matrix, The (1999)",3.9933
172,5952,"Lord of the Rings: The Two Towers, The (2002)",2.9587
172,2858,American Beauty (1999),2.9233
173,2959,Fight Club (1999),2.7486
173,3578,Gladiator (2000),2.5795
173,260,Star Wars: Episode IV - A New Hope (1977),2.519
174,1198,Raiders of the Lost Ark (Indiana Jones and the Raiders of the Lost Ark) (1981),4.4132
174,1196,Star Wars: Episode V - The Empire Strikes Back (1980),4.3003
174,296,Pulp Fiction (1994),4.1905
175,1374,Star Trek II: The Wrath of Khan (1982),2.3377
175,750,Dr. Strangelove or: How I Learned to Stop Worrying and Love the Bomb (1964),2.3349
175,480,Jurassic Park (1993),2.0574
176,1036,Die Hard (1988),3.9291
176,541,Blade Runner (1982),3.3022
176,1097,E.T. the Extra-Terrestrial (1982),3.1999
177,1200,Aliens (1986),4.1428
177,1214,Alien (1979),4.0323
177,1387,Jaws (1975),3.7608
178,318,"Shawshank Redemption, The (1994)",4.0104
178,356,Forrest Gump (1994),3.9871
178,588,Aladdin (1992),3.3824
179,1196,Star Wars: Episode V - The Empire Strikes Back (1980),4.1779
179,2028,Saving Private Ryan (1998),4.1093
179,1291,Indiana Jones and the Last Crusade (1989),3.7187
180,1270,Back to the Future (1985),3.6122
180,1197,"Princess Bride, The (1987)",3.5511
180,6377,Finding Nemo (2003),3.4559
181,1,Toy Story (1995),3.9404
181,1073,Willy Wonka & the Chocolate Factory (1971),3.2391
181,494,Executive Decision (1996),2.8235
182,50,"Usual Suspects, The (1995)",3.6011
182,2858,American Beauty (1999),3.5524
182,593,"Silence of the Lambs, The (1991)",3.5097
183,318,"Shawshank Redemption, The (1994)",4.2922
183,2028,Saving Private Ryan (1998),3.9343
183,457,"Fugitive, The (1993)",3.8923
184,1213,Goodfellas (1990),2.9538
184,296,Pulp Fiction (1994),2.5797
184,2571,"Matrix, The (1999)",2.4397
185,1198,Raiders of the Lost Ark (Indiana Jones and the Raiders of the Lost Ark) (1981),3.5653
185,589,Terminator 2: Judgment Day (1991),3.4149
185,4993,"Lord of the Rings: The Fellowship of the Ring, The (2001)",3.2628
186,161,Crimson Tide (1995),3.7379
186,339,While You Were Sleeping (1995),3.6348
186,165,Die Hard: With a Vengeance (1995),3.5047
187,590,Dances with Wolves (1990),3.9038
187,296,Pulp Fiction (1994),3.8838
187,597,Pretty Woman (1990),3.583
188,1291,Indiana Jones and the Last Crusade (1989),3.5305
188,32,Twelve Monkeys (a.k.a. 12 Monkeys) (1995),3.3636
188,474,In the Line of Fire (1993),3.3532
189,1221,"Godfather: Part II, The (1974)",3.8799
189,1222,Full Metal Jacket (1987),3.6618
189,1198,Raiders of the Lost Ark (Indiana Jones and the Raiders of the Lost Ark) (1981),3.6328
190,454,"Firm, The (1993)",3.6052
190,356,Forrest Gump (1994),3.4348
190,527,Schindler's List (1993),3.3715
191,527,Schindler's List (1993),2.4375
191,4886,"Monsters, Inc. (2001)",2.354
191,364,"Lion King, The (1994)",2.2043
192,1210,Star Wars: Episode VI - Return of the Jedi (1983),4.2487
192,50,"Usual Suspects, The (1995)",4.0901
192,4993,"Lord of the Rings: The Fellowship of the Ring, The (2001)",3.9957
193,1584,Contact (1997),3.4306
193,1240,"Terminator, The (1984)",3.1749
193,1198,Raiders of the Lost Ark (Indiana Jones and the Raiders of the Lost Ark) (1981),3.0527
194,58559,"Dark Knight, The (2008)",4.2795
194,79132,Inception (2010),4.2767
194,48780,"Prestige, The (2006)",4.1387
195,858,"Godfather, The (1972)",3.4248
195,3578,Gladiator (2000),3.3574
195,33794,Batman Begins (2005),3.1262
196,318,"Shawshank Redemption, The (1994)",3.0099
196,160,Congo (1995),2.8207
196,11,"American President, The (1995)",2.8155
197,589,Terminator 2: Judgment Day (1991),3.5814
197,480,Jurassic Park (1993),3.5556
197,356,Forrest Gump (1994),3.2025
198,2804,"Christmas Story, A (1983)",3.4619
198,1641,"Full Monty, The (1997)",3.1469
198,1293,Gandhi (1982),3.0529
199,1240,"Terminator, The (1984)",3.8425
199,2311,2010: The Year We Make Contact (1984),2.601
199,1197,"Princess Bride, The (1987)",2.5644
200,150,Apollo 13 (1995),3.0153
200,590,Dances with Wolves (1990),2.8894
200,110,Braveheart (1995),2.4348
201,2762,"Sixth Sense, The (1999)",3.9299
201,2571,"Matrix, The (1999)",3.068
201,4226,Memento (2000),2.8439
202,356,Forrest Gump (1994),3.535
202,292,Outbreak (1995),2.6711
202,380,True Lies (1994),2.6585
203,527,Schindler's List (1993),4.0283
203,1197,"Princess Bride, The (1987)",3.9636
203,733,"Rock, The (1996)",3.956
204,1198,Raiders of the Lost Ark (Indiana Jones and the Raiders of the Lost Ark) (1981),3.4365
204,858,"Godfather, The (1972)",3.2512
204,260,Star Wars: Episode IV - A New Hope (1977),3.067
205,590,Dances with Wolves (1990),3.5061
205,589,Terminator 2: Judgment Day (1991),2.9798
205,292,Outbreak (1995),2.8096
206,2329,American History X (1998),4.2748
206,356,Forrest Gump (1994),3.6599
206,58559,"Dark Knight, The (2008)",3.6253
207,50,"Usual Suspects, The (1995)",4.7658
207,2571,"Matrix, The (1999)",4.3781
207,593,"Silence of the Lambs, The (1991)",4.2775
208,10,GoldenEye (1995),2.9059
208,329,Star Trek: Generations (1994),2.6217
208,589,Terminator 2: Judgment Day (1991),1.559
209,1196,Star Wars: Episode V - The Empire Strikes Back (1980),3.9552
209,1198,Raiders of the Lost Ark (Indiana Jones and the Raiders of the Lost Ark) (1981),3.6217
209,356,Forrest Gump (1994),3.4281
210,296,Pulp Fiction (1994),4.2048
210,2762,"Sixth Sense, The (1999)",4.0085
210,2858,American Beauty (1999),3.84
211,923,Citizen Kane (1941),4.3972
211,858,"Godfather, The (1972)",4.0678
211,912,Casablanca (1942),3.8059
212,527,Schindler's List (1993),4.1067
212,1198,Raiders of the Lost Ark (Indiana Jones and the Raiders of the Lost Ark) (1981),3.6888
212,1225,Amadeus (1984),3.6846
213,32,Twelve Monkeys (a.k.a. 12 Monkeys) (1995),4.1777
213,2700,"South Park: Bigger, Longer and Uncut (1999)",3.628
213,6,Heat (1995),3.4252
214,1079,"Fish Called Wanda, A (1988)",2.0786
214,1527,"Fifth Element, The (1997)",2.0433
214,318,"Shawshank Redemption, The (1994)",1.9601
215,5952,"Lord of the Rings: The Two Towers, The (2002)",3.166
215,33794,Batman Begins (2005),2.5008
215,1200,Aliens (1986),2.3245
216,318,"Shawshank Redemption, The (1994)",2.7429
216,858,"Godfather, The (1972)",2.7117
216,2571,"Matrix, The (1999)",2.0027
217,50,"Usual Suspects, The (1995)",2.6808
217,296,Pulp Fiction (1994),2.6135
217,2571,"Matrix, The (1999)",2.5842
218,2762,"Sixth Sense, The (1999)",4.1082
218,2700,"South Park: Bigger, Longer and Uncut (1999)",3.8056
218,4226,Memento (2000),3.7875
219,6539,Pirates of the Caribbean: The Curse of the Black Pearl (2003),2.7487
219,480,Jurassic Park (1993),2.6201
219,2572,10 Things I Hate About You (1999),2.5386
220,260,Star Wars: Episode IV - A New Hope (1977),4.3269
220,1213,Goodfellas (1990),3.9647
220,733,"Rock, The (1996)",3.6735
221,318,"Shawshank Redemption, The (1994)",3.0713
221,253,Interview with the Vampire: The Vampire Chronicles (1994),2.8685
221,161,Crimson Tide (1995),2.8181
222,457,"Fugitive, The (1993)",3.5861
222,590,Dances with Wolves (1990),3.2174
222,11,"American President, The (1995)",3.0555
223,50,"Usual Suspects, The (1995)",3.4462
223,318,"Shawshank Redemption, The (1994)",3.4055
223,2858,American Beauty (1999),3.2514
224,1954,Rocky (1976),3.6292
224,2011,Back to the Future Part II (1989),3.5318
224,5349,Spider-Man (2002),3.4152
225,356,Forrest Gump (1994),4.063
225,318,"Shawshank Redemption, The (1994)",3.4743
225,457,"Fugitive, The (1993)",3.4728
226,780,Independence Day (a.k.a. ID4) (1996),3.4885
226,786,Eraser (1996),2.761
226,608,Fargo (1996),2.7067
227,858,"Godfather, The (1972)",3.738
227,912,Casablanca (1942),2.9334
227,50,"Usual Suspects, The (1995)",2.8253
228,2997,Being John Malkovich (1999),3.618
228,223,Clerks (1994),3.5642
228,1954,Rocky (1976),3.5321
229,356,Forrest Gump (1994),3.5727
229,1196,Star Wars: Episode V - The Empire Strikes Back (1980),3.0709
229,58559,"Dark Knight, The (2008)",2.9906
230,2959,Fight Club (1999),2.3219
230,32,Twelve Monkeys (a.k.a. 12 Monkeys) (1995),1.9567
230,47,Seven (a.k.a. Se7en) (1995),1.7664
231,2571,"Matrix, The (1999)",4.0002
231,2858,American Beauty (1999),3.9812
231,2959,Fight Club (1999),3.7518
232,1200,Aliens (1986),4.3835
232,1214,Alien (1979),4.332
232,1213,Goodfellas (1990),4.0299
233,150,Apollo 13 (1995),3.89
233,110,Braveheart (1995),3.4533
233,165,Die Hard: With a Vengeance (1995),3.3949
234,1198,Raiders of the Lost Ark (Indiana Jones and the Raiders of the Lost Ark) (1981),4.6512
234,593,"Silence of the Lambs, The (1991)",4.1645
234,1036,Die Hard (1988),4.048
235,1704,Good Will Hunting (1997),4.5563
235,1198,Raiders of the Lost Ark (Indiana Jones and the Raiders of the Lost Ark) (1981),4.4526
235,1197,"Princess Bride, The (1987)",4.2889
236,1198,Raiders of the Lost Ark (Indiana Jones and the Raiders of the Lost Ark) (1981),4.256
236,318,"Shawshank Redemption, The (1994)",4.2381
236,1210,Star Wars: Episode VI - Return of the Jedi (1983),4.2137
237,356,Forrest Gump (1994),3.4537
237,2959,Fight Club (1999),3.3222
237,4306,Shrek (2001),3.2081
238,1196,Star Wars: Episode V - The Empire Strikes Back (1980),3.7166
238,858,"Godfather, The (1972)",3.6872
238,1210,Star Wars: Episode VI - Return of the Jedi (1983),3.6688
239,527,Schindler's List (1993),3.7871
239,377,Speed (1994),3.41
239,454,"Firm, The (1993)",3.2123
240,1198,Raiders of the Lost Ark (Indiana Jones and the Raiders of the Lost Ark) (1981),2.6331
240,1291,Indiana Jones and the Last Crusade (1989),2.4263
240,480,Jurassic Park (1993),2.395
241,50,"Usual Suspects, The (1995)",4.3331
241,1704,Good Will Hunting (1997),3.6133
241,68237,Moon (2009),3.2757
242,527,Schindler's List (1993),4.1959
242,923,Citizen Kane (1941),3.8943
242,908,North by Northwest (1959),3.8656
243,296,Pulp Fiction (1994),3.5101
243,349,Clear and Present Danger (1994),3.2176
243,150,Apollo 13 (1995),3.1151
244,527,Schindler's List (1993),4.3317
244,110,Braveheart (1995),4.3077
244,1270,Back to the Future (1985),3.836
245,527,Schindler's List (1993),4.0995
245,539,Sleepless in Seattle (1993),3.7921
245,165,Die Hard: With a Vengeance (1995),3.1317
246,380,True Lies (1994),3.2198
246,527,Schindler's List (1993),3.0003
246,50,"Usual Suspects, The (1995)",2.9313
247,58559,"Dark Knight, The (2008)",3.547
247,1198,Raiders of the Lost Ark (Indiana Jones and the Raiders of the Lost Ark) (1981),3.3561
247,44191,V for Vendetta (2006),3.2223
248,260,Star Wars: Episode IV - A New Hope (1977),3.8284
248,2959,Fight Club (1999),3.6762
248,1196,Star Wars: Episode V - The Empire Strikes Back (1980),3.655
249,1197,"Princess Bride, The (1987)",1.934
249,356,Forrest Gump (1994),1.6084
249,2144,Sixteen Candles (1984),1.5709
250,1193,One Flew Over the Cuckoo's Nest (1975),3.735
250,5952,"Lord of the Rings: The Two Towers, The (2002)",3.5498
250,150,Apollo 13 (1995),3.4449
251,296,Pulp Fiction (1994),2.9216
251,593,"Silence of the Lambs, The (1991)",1.9185
251,356,Forrest Gump (1994),1.7508
252,1035,"Sound of Music, The (1965)",3.9382
252,2080,Lady and the Tramp (1955),3.6386
252,1073,Willy Wonka & the Chocolate Factory (1971),3.446
253,2959,Fight Club (1999),4.6426
253,4993,"Lord of the Rings: The Fellowship of the Ring, The (2001)",4.1286
253,5952,"Lord of the Rings: The Two Towers, The (2002)",3.654
254,318,"Shawshank Redemption, The (1994)",3.9373
254,2571,"Matrix, The (1999)",3.6812
254,356,Forrest Gump (1994),3.0468
255,608,Fargo (1996),4.3199
255,2028,Saving Private Ryan (1998),4.0127
255,1079,"Fish Called Wanda, A (1988)",3.9559
256,2571,"Matrix, The (1999)",3.4389
256,79132,Inception (2010),3.2726
256,50,"Usual Suspects, The (1995)",2.5971
257,4306,Shrek (2001),2.4301
257,1584,Contact (1997),2.235
257,2011,Back to the Future Part II (1989),2.1077
258,150,Apollo 13 (1995),3.171
258,434,Cliffhanger (1993),3.0145
258,110,Braveheart (1995),2.9644
259,296,Pulp Fiction (1994),3.9189
259,593,"Silence of the Lambs, The (1991)",3.3541
259,318,"Shawshank Redemption, The (1994)",3.1276
260,593,"Silence of the Lambs, The (1991)",3.4195
260,367,"Mask, The (1994)",3.0171
260,253,Interview with the Vampire: The Vampire Chronicles (1994),2.8995
261,50,"Usual Suspects, The (1995)",3.9689
261,608,Fargo (1996),3.624
261,7153,"Lord of the Rings: The Return of the King, The (2003)",3.6069
262,110,Braveheart (1995),3.274
262,457,"Fugitive, The (1993)",2.8126
262,590,Dances with Wolves (1990),2.2681
263,589,Terminator 2: Judgment Day (1991),3.2306
263,1240,"Terminator, The (1984)",3.009
263,2028,Saving Private Ryan (1998),2.7452
264,593,"Silence of the Lambs, The (1991)",2.449
264,597,Pretty Woman (1990),2.1193
264,587,Ghost (1990),1.9198
265,1210,Star Wars: Episode VI - Return of the Jedi (1983),3.5504
265,110,Braveheart (1995),3.2897
265,480,Jurassic Park (1993),2.6036
266,329,Star Trek: Generations (1994),2.3138
266,153,Batman Forever (1995),2.2967
266,288,Natural Born Killers (1994),2.2254
267,1193,One Flew Over the Cuckoo's Nest (1975),4.3095
267,318,"Shawshank Redemption, The (1994)",4.1124
267,858,"Godfather, The (1972)",3.9647
268,47,Seven (a.k.a. Se7en) (1995),3.4176
268,1198,Raiders of the Lost Ark (Indiana Jones and the Raiders of the Lost Ark) (1981),3.325
268,32,Twelve Monkeys (a.k.a. 12 Monkeys) (1995),3.3136
269,260,Star Wars: Episode IV - A New Hope (1977),4.3559
269,2028,Saving Private Ryan (1998),4.077
269,1210,Star Wars: Episode VI - Return of the Jedi (1983),4.0239
270,593,"Silence of the Lambs, The (1991)",4.5108
270,608,Fargo (1996),3.1738
270,32,Twelve Monkeys (a.k.a. 12 Monkeys) (1995),3.0599
271,62,Mr. Holland's Opus (1995),4.2753
271,141,"Birdcage, The (1996)",2.6715
271,17,Sense and Sensibility (1995),2.3749
272,589,Terminator 2: Judgment Day (1991),3.8432
272,260,Star Wars: Episode IV - A New Hope (1977),3.6781
272,110,Braveheart (1995),3.6656
273,4993,"Lord of the Rings: The Fellowship of the Ring, The (2001)",4.0765
273,1198,Raiders of the Lost Ark (Indiana Jones and the Raiders of the Lost Ark) (1981),3.9392
273,2959,Fight Club (1999),3.6812
274,527,Schindler's List (1993),3.2515
274,356,Forrest Gump (1994),3.0763
274,593,"Silence of the Lambs, The (1991)",3.0144
275,1234,"Sting, The (1973)",4.2526
275,1304,Butch Cassidy and the Sundance Kid (1969),4.0628
275,1221,"Godfather: Part II, The (1974)",3.9709
276,2571,"Matrix, The (1999)",3.8296
276,2858,American Beauty (1999),3.4374
276,2959,Fight Club (1999),2.9165
277,47,Seven (a.k.a. Se7en) (1995),4.3572
277,33794,Batman Begins (2005),4.2394
277,1291,Indiana Jones and the Last Crusade (1989),4.0145
278,2959,Fight Club (1999),4.4484
278,47,Seven (a.k.a. Se7en) (1995),3.9102
278,293,Léon: The Professional (a.k.a. The Professional) (Léon) (1994),3.7772
279,296,Pulp Fiction (1994),4.2022
279,858,"Godfather, The (1972)",3.949
279,318,"Shawshank Redemption, The (1994)",3.7506
280,1198,Raiders of the Lost Ark (Indiana Jones and the Raiders of the Lost Ark) (1981),3.5612
280,47,Seven (a.k.a. Se7en) (1995),3.544
280,296,Pulp Fiction (1994),3.356
281,260,Star Wars: Episode IV - A New Hope (1977),4.7053
281,1198,Raiders of the Lost Ark (Indiana Jones and the Raiders of the Lost Ark) (1981),4.0459
281,1240,"Terminator, The (1984)",3.8168
282,2762,"Sixth Sense, The (1999)",3.2405
282,50,"Usual Suspects, The (1995)",3.2229
282,296,Pulp Fiction (1994),3.0276
283,593,"Silence of the Lambs, The (1991)",4.4478
283,1193,One Flew Over the Cuckoo's Nest (1975),4.3842
283,318,"Shawshank Redemption, The (1994)",4.2889
284,1,Toy Story (1995),4.1856
284,7,Sabrina (1995),3.1025
284,788,"Nutty Professor, The (1996)",3.0417
285,2706,American Pie (1999),2.8634
285,2396,Shakespeare in Love (1998),2.5
285,3578,Gladiator (2000),2.4325
286,527,Schindler's List (1993),3.1432
286,589,Terminator 2: Judgment Day (1991),2.9496
286,3578,Gladiator (2000),2.9226
287,733,"Rock, The (1996)",3.6321
287,1,Toy Story (1995),3.4813
287,1073,Willy Wonka & the Chocolate Factory (1971),3.459
288,5060,M*A*S*H (a.k.a. MASH) (1970),1.6202
288,318,"Shawshank Redemption, The (1994)",1.6198
288,260,Star Wars: Episode IV - A New Hope (1977),1.5748
289,58559,"Dark Knight, The (2008)",3.4935
289,5952,"Lord of the Rings: The Two Towers, The (2002)",3.0885
289,89745,"Avengers, The (2012)",2.9113
290,318,"Shawshank Redemption, The (1994)",3.6097
290,260,Star Wars: Episode IV - A New Hope (1977),3.5517
290,6016,City of God (Cidade de Deus) (2002),3.4347
291,223,Clerks (1994),2.4839
291,2712,Eyes Wide Shut (1999),2.3512
291,785,Kingpin (1996),2.0924
292,4993,"Lord of the Rings: The Fellowship of the Ring, The (2001)",4.502
292,1198,Raiders of the Lost Ark (Indiana Jones and the Raiders of the Lost Ark) (1981),4.204
292,1,Toy Story (1995),4.0461
293,904,Rear Window (1954),4.2517
293,858,"Godfather, The (1972)",4.0381
293,527,Schindler's List (1993),3.8754
294,1210,Star Wars: Episode VI - Return of the Jedi (1983),3.7254
294,2762,"Sixth Sense, The (1999)",3.5797
294,1270,Back to the Future (1985),3.5692
295,380,True Lies (1994),3.6707
295,153,Batman Forever (1995),3.2129
295,589,Terminator 2: Judgment Day (1991),2.0664
296,1196,Star Wars: Episode V - The Empire Strikes Back (1980),4.6663
296,2858,American Beauty (1999),4.6034
296,50,"Usual Suspects, The (1995)",4.4729
297,1214,Alien (1979),3.2098
297,1200,Aliens (1986),3.0924
297,1196,Star Wars: Episode V - The Empire Strikes Back (1980),2.7651
298,296,Pulp Fiction (1994),3.2361
298,1206,"Clockwork Orange, A (1971)",3.2232
298,608,Fargo (1996),3.2204
299,1210,Star Wars: Episode VI - Return of the Jedi (1983),4.0924
299,260,Star Wars: Episode IV - A New Hope (1977),4.0896
299,1196,Star Wars: Episode V - The Empire Strikes Back (1980),3.9678
300,260,Star Wars: Episode IV - A New Hope (1977),4.2211
300,2918,Ferris Bueller's Day Off (1986),3.9692
300,2028,Saving Private Ryan (1998),3.5496
301,4993,"Lord of the Rings: The Fellowship of the Ring, The (2001)",3.9523
301,2571,"Matrix, The (1999)",3.7465
301,5952,"Lord of the Rings: The Two Towers, The (2002)",3.582
302,161,Crimson Tide (1995),2.7488
302,165,Die Hard: With a Vengeance (1995),2.7396
302,380,True Lies (1994),2.5551
303,1234,"Sting, The (1973)",4.4043
303,1270,Back to the Future (1985),3.6489
303,1208,Apocalypse Now (1979),3.6086
304,296,Pulp Fiction (1994),3.4927
304,6016,City of God (Cidade de Deus) (2002),2.6084
304,608,Fargo (1996),2.4668
305,1206,"Clockwork Orange, A (1971)",2.7579
305,480,Jurassic Park (1993),2.4026
305,1748,Dark City (1998),2.3391
306,58559,"Dark Knight, The (2008)",3.5155
306,59315,Iron Man (2008),3.4984
306,89745,"Avengers, The (2012)",3.3449
307,457,"Fugitive, The (1993)",3.443
307,590,Dances with Wolves (1990),3.3068
307,110,Braveheart (1995),3.1898
308,527,Schindler's List (1993),4.5175
308,2028,Saving Private Ryan (1998),4.4999
308,318,"Shawshank Redemption, The (1994)",4.4464
309,1291,Indiana Jones and the Last Crusade (1989),3.998
309,110,Braveheart (1995),3.9698
309,2959,Fight Club (1999),3.8523
310,1288,This Is Spinal Tap (1984),4.0087
310,2700,"South Park: Bigger, Longer and Uncut (1999)",3.7655
310,3897,Almost Famous (2000),3.7609
311,260,Star Wars: Episode IV - A New Hope (1977),4.1863
311,805,"Time to Kill, A (1996)",3.614
311,802,Phenomenon (1996),3.0083
312,457,"Fugitive, The (1993)",3.5698
312,296,Pulp Fiction (1994),3.0477
312,593,"Silence of the Lambs, The (1991)",2.9991
313,485,Last Action Hero (1993),2.3042
313,1233,"Boot, Das (Boat, The) (1981)",2.2656
313,589,Terminator 2: Judgment Day (1991),2.0967
314,5952,"Lord of the Rings: The Two Towers, The (2002)",3.7682
314,6539,Pirates of the Caribbean: The Curse of the Black Pearl (2003),3.3323
314,91529,"Dark Knight Rises, The (2012)",3.1492
315,1221,"Godfather: Part II, The (1974)",4.6489
315,1945,On the Waterfront (1954),3.8747
315,608,Fargo (1996),3.6942
316,527,Schindler's List (1993),3.1059
316,32,Twelve Monkeys (a.k.a. 12 Monkeys) (1995),2.2934
316,2858,American Beauty (1999),1.8689
317,7153,"Lord of the Rings: The Return of the King, The (2003)",3.47
317,5952,"Lord of the Rings: The Two Towers, The (2002)",2.7606
317,4993,"Lord of the Rings: The Fellowship of the Ring, The (2001)",2.7174
318,589,Terminator 2: Judgment Day (1991),3.4079
318,380,True Lies (1994),3.2792
318,165,Die Hard: With a Vengeance (1995),2.8329
319,2959,Fight Club (1999),4.8413
319,6539,Pirates of the Caribbean: The Curse of the Black Pearl (2003),4.4623
319,5418,"Bourne Identity, The (2002)",4.3457
320,5952,"Lord of the Rings: The Two Towers, The (2002)",3.6026
320,2571,"Matrix, The (1999)",3.3461
320,2762,"Sixth Sense, The (1999)",2.8239
321,318,"Shawshank Redemption, The (1994)",4.0043
321,593,"Silence of the Lambs, The (1991)",3.8075
321,150,Apollo 13 (1995),3.6988
322,593,"Silence of the Lambs, The (1991)",3.9673
322,1221,"Godfather: Part II, The (1974)",3.817
322,1233,"Boot, Das (Boat, The) (1981)",3.8169
323,1193,One Flew Over the Cuckoo's Nest (1975),3.4005
323,593,"Silence of the Lambs, The (1991)",3.302
323,2858,American Beauty (1999),2.7923
324,1721,Titanic (1997),2.7952
324,1625,"Game, The (1997)",2.4549
324,1183,"English Patient, The (1996)",2.4483
325,318,"Shawshank Redemption, The (1994)",3.9973
325,2762,"Sixth Sense, The (1999)",3.9079
325,1527,"Fifth Element, The (1997)",3.8843
326,34,Babe (1995),3.2064
326,410,Addams Family Values (1993),2.1224
326,204,Under Siege 2: Dark Territory (1995),1.5856
327,2571,"Matrix, The (1999)",4.3571
327,356,Forrest Gump (1994),3.9713
327,1198,Raiders of the Lost Ark (Indiana Jones and the Raiders of the Lost Ark) (1981),3.9648
328,593,"Silence of the Lambs, The (1991)",3.7903
328,1197,"Princess Bride, The (1987)",3.5517
328,2858,American Beauty (1999),3.364
329,1198,Raiders of the Lost Ark (Indiana Jones and the Raiders of the Lost Ark) (1981),3.3422
329,2571,"Matrix, The (1999)",3.2808
329,260,Star Wars: Episode IV - A New Hope (1977),3.0972
330,912,Casablanca (1942),4.3681
330,913,"Maltese Falcon, The (1941)",4.2717
330,1198,Raiders of the Lost Ark (Indiana Jones and the Raiders of the Lost Ark) (1981),3.9528
331,2571,"Matrix, The (1999)",4.1312
331,1097,E.T. the Extra-Terrestrial (1982),3.6911
331,3114,Toy Story 2 (1999),3.3593
332,58559,"Dark Knight, The (2008)",3.0757
332,44191,V for Vendetta (2006),2.8936
332,1198,Raiders of the Lost Ark (Indiana Jones and the Raiders of the Lost Ark) (1981),2.6971
333,318,"Shawshank Redemption, The (1994)",4.1145
333,165,Die Hard: With a Vengeance (1995),2.5251
333,349,Clear and Present Danger (1994),2.4897
334,318,"Shawshank Redemption, The (1994)",4.0159
334,357,Four Weddings and a Funeral (1994),3.0408
334,292,Outbreak (1995),2.8906
335,1196,Star Wars: Episode V - The Empire Strikes Back (1980),3.4759
335,260,Star Wars: Episode IV - A New Hope (1977),3.3302
335,4993,"Lord of the Rings: The Fellowship of the Ring, The (2001)",3.0011
336,6377,Finding Nemo (2003),3.8735
336,5349,Spider-Man (2002),3.8709
336,7153,"Lord of the Rings: The Return of the King, The (2003)",3.7792
337,318,"Shawshank Redemption, The (1994)",4.104
337,1393,Jerry Maguire (1996),4.0706
337,1307,When Harry Met Sally... (1989),3.9078
338,541,Blade Runner (1982),3.611
338,260,Star Wars: Episode IV - A New Hope (1977),3.562
338,1097,E.T. the Extra-Terrestrial (1982),3.5381
339,296,Pulp Fiction (1994),4.0028
339,318,"Shawshank Redemption, The (1994)",3.9575
339,1089,Reservoir Dogs (1992),3.6424
340,161,Crimson Tide (1995),3.3032
340,110,Braveheart (1995),3.2947
340,292,Outbreak (1995),2.9928
341,1193,One Flew Over the Cuckoo's Nest (1975),4.3136
341,5060,M*A*S*H (a.k.a. MASH) (1970),3.8124
341,608,Fargo (1996),3.8046
342,480,Jurassic Park (1993),4.1086
342,597,Pretty Woman (1990),3.6976
342,593,"Silence of the Lambs, The (1991)",3.6593
343,2571,"Matrix, The (1999)",4.4445
343,356,Forrest Gump (1994),4.4102
343,4993,"Lord of the Rings: The Fellowship of the Ring, The (2001)",4.1164
344,2028,Saving Private Ryan (1998),4.2895
344,457,"Fugitive, The (1993)",4.0062
344,733,"Rock, The (1996)",4.0006
345,858,"Godfather, The (1972)",2.8557
345,1704,Good Will Hunting (1997),2.716
345,1270,Back to the Future (1985),2.6947
346,318,"Shawshank Redemption, The (1994)",2.4875
346,2571,"Matrix, The (1999)",1.7729
346,3578,Gladiator (2000),1.7568
347,2959,Fight Club (1999),3.8464
347,296,Pulp Fiction (1994),3.5271
347,356,Forrest Gump (1994),3.3044
348,2762,"Sixth Sense, The (1999)",3.3728
348,49272,Casino Royale (2006),3.1489
348,1527,"Fifth Element, The (1997)",3.0044
349,21,Get Shorty (1995),2.8914
349,589,Terminator 2: Judgment Day (1991),2.813
349,539,Sleepless in Seattle (1993),2.727
350,356,Forrest Gump (1994),3.9529
350,2571,"Matrix, The (1999)",3.7322
350,58559,"Dark Knight, The (2008)",3.2145
351,589,Terminator 2: Judgment Day (1991),2.7782
351,300,Quiz Show (1994),2.7459
351,454,"Firm, The (1993)",2.7236
352,608,Fargo (1996),4.6015
352,593,"Silence of the Lambs, The (1991)",4.4578
352,5060,M*A*S*H (a.k.a. MASH) (1970),3.9237
353,590,Dances with Wolves (1990),3.788
353,110,Braveheart (1995),3.5818
353,316,Stargate (1994),3.2095
354,293,Léon: The Professional (a.k.a. The Professional) (Léon) (1994),3.5719
354,2000,Lethal Weapon (1987),3.3573
354,920,Gone with the Wind (1939),3.3474
355,296,Pulp Fiction (1994),3.8719
355,356,Forrest Gump (1994),3.1247
355,110,Braveheart (1995),3.0049
356,318,"Shawshank Redemption, The (1994)",3.4378
356,380,True Lies (1994),2.8254
356,288,Natural Born Killers (1994),2.72
357,3578,Gladiator (2000),3.8848
357,2396,Shakespeare in Love (1998),3.2865
357,2959,Fight Club (1999),3.0734
358,3578,Gladiator (2000),3.7208
358,4306,Shrek (2001),3.6993
358,1961,Rain Man (1988),3.6979
359,296,Pulp Fiction (1994),3.9298
359,50,"Usual Suspects, The (1995)",3.5457
359,2571,"Matrix, The (1999)",3.4881
360,858,"Godfather, The (1972)",1.9929
360,608,Fargo (1996),1.8765
360,1221,"Godfather: Part II, The (1974)",1.8414
361,296,Pulp Fiction (1994),3.4438
361,110,Braveheart (1995),3.2987
361,380,True Lies (1994),2.9786
362,2571,"Matrix, The (1999)",3.2196
362,1089,Reservoir Dogs (1992),3.1739
362,50,"Usual Suspects, The (1995)",3.1496
363,1197,"Princess Bride, The (1987)",3.5679
363,1196,Star Wars: Episode V - The Empire Strikes Back (1980),3.4591
363,1222,Full Metal Jacket (1987),3.4471
364,296,Pulp Fiction (1994),3.2768
364,593,"Silence of the Lambs, The (1991)",3.0843
364,1,Toy Story (1995),3.0239
365,1197,"Princess Bride, The (1987)",4.2345
365,3897,Almost Famous (2000),4.2144
365,1136,Monty Python and the Holy Grail (1975),4.0195
366,1196,Star Wars: Episode V - The Empire Strikes Back (1980),4.3933
366,1198,Raiders of the Lost Ark (Indiana Jones and the Raiders of the Lost Ark) (1981),4.3451
366,2858,American Beauty (1999),4.2711
367,527,Schindler's List (1993),4.0468
367,296,Pulp Fiction (1994),3.9963
367,11,"American President, The (1995)",3.3843
368,750,Dr. Strangelove or: How I Learned to Stop Worrying and Love the Bomb (1964),2.3959
368,2959,Fight Club (1999),1.9712
368,1784,As Good as It Gets (1997),1.7311
369,608,Fargo (1996),4.5432
369,1,Toy Story (1995),4.3516
369,2396,Shakespeare in Love (1998),4.0208
370,457,"Fugitive, The (1993)",4.1774
370,356,Forrest Gump (1994),3.4425
370,593,"Silence of the Lambs, The (1991)",3.4213
371,141,"Birdcage, The (1996)",3.0494
371,161,Crimson Tide (1995),2.7844
371,329,Star Trek: Generations (1994),2.4786
372,7153,"Lord of the Rings: The Return of the King, The (2003)",3.0518
372,4993,"Lord of the Rings: The Fellowship of the Ring, The (2001)",2.866
372,4226,Memento (2000),2.59
373,1,Toy Story (1995),3.3098
373,356,Forrest Gump (1994),3.261
373,318,"Shawshank Redemption, The (1994)",2.6381
374,50,"Usual Suspects, The (1995)",3.1285
374,1270,Back to the Future (1985),2.3341
374,858,"Godfather, The (1972)",1.9558
375,1387,Jaws (1975),4.5459
375,608,Fargo (1996),4.501
375,858,"Godfather, The (1972)",4.4576
376,1291,Indiana Jones and the Last Crusade (1989),4.399
376,592,Batman (1989),3.7463
376,1610,"Hunt for Red October, The (1990)",3.6289
377,2858,American Beauty (1999),3.0328
377,356,Forrest Gump (1994),3.019
377,2959,Fight Club (1999),2.9971
378,296,Pulp Fiction (1994),4.0016
378,527,Schindler's List (1993),3.5577
378,2858,American Beauty (1999),3.22
379,62,Mr. Holland's Opus (1995),3.0196
379,1073,Willy Wonka & the Chocolate Factory (1971),2.9918
379,608,Fargo (1996),2.6256
380,924,2001: A Space Odyssey (1968),4.694
380,1270,Back to the Future (1985),4.4765
380,593,"Silence of the Lambs, The (1991)",4.3046
381,150,Apollo 13 (1995),3.5887
381,454,"Firm, The (1993)",3.4995
381,339,While You Were Sleeping (1995),3.4011
382,5952,"Lord of the Rings: The Two Towers, The (2002)",4.6311
382,58559,"Dark Knight, The (2008)",3.8733
382,59315,Iron Man (2008),3.4236
383,318,"Shawshank Redemption, The (1994)",4.0979
383,296,Pulp Fiction (1994),3.9907
383,1704,Good Will Hunting (1997),3.7445
384,913,"Maltese Falcon, The (1941)",4.794
384,908,North by Northwest (1959),4.2521
384,912,Casablanca (1942),4.2373
385,1198,Raiders of the Lost Ark (Indiana Jones and the Raiders of the Lost Ark) (1981),2.9167
385,6874,Kill Bill: Vol. 1 (2003),2.9107
385,1089,Reservoir Dogs (1992),2.6516
386,6874,Kill Bill: Vol. 1 (2003),4.6569
386,7438,Kill Bill: Vol. 2 (2004),4.031
386,2716,Ghostbusters (a.k.a. Ghost Busters) (1984),3.8595
387,1206,"Clockwork Orange, A (1971)",4.0958
387,2858,American Beauty (1999),3.9963
387,593,"Silence of the Lambs, The (1991)",3.7426
388,296,Pulp Fiction (1994),3.9197
388,318,"Shawshank Redemption, The (1994)",3.3105
388,110,Braveheart (1995),3.1304
389,1198,Raiders of the Lost Ark (Indiana Jones and the Raiders of the Lost Ark) (1981),4.2929
389,7153,"Lord of the Rings: The Return of the King, The (2003)",4.039
389,4993,"Lord of the Rings: The Fellowship of the Ring, The (2001)",4.0293
390,590,Dances with Wolves (1990),3.3093
390,110,Braveheart (1995),3.0491
390,500,Mrs. Doubtfire (1993),2.7273
391,1221,"Godfather: Part II, The (1974)",3.5501
391,2959,Fight Club (1999),3.3203
391,527,Schindler's List (1993),3.0282
392,7153,"Lord of the Rings: The Return of the King, The (2003)",3.5237
392,4993,"Lord of the Rings: The Fellowship of the Ring, The (2001)",3.2949
392,5952,"Lord of the Rings: The Two Towers, The (2002)",3.0433
393,356,Forrest Gump (1994),4.3198
393,457,"Fugitive, The (1993)",3.8092
393,590,Dances with Wolves (1990),3.7049
394,587,Ghost (1990),3.6001
394,296,Pulp Fiction (1994),3.3369
394,329,Star Trek: Generations (1994),3.2891
395,527,Schindler's List (1993),4.0194
395,318,"Shawshank Redemption, The (1994)",3.7209
395,858,"Godfather, The (1972)",3.508
396,2571,"Matrix, The (1999)",3.8244
396,2959,Fight Club (1999),3.6387
396,44191,V for Vendetta (2006),3.4758
397,50,"Usual Suspects, The (1995)",3.5209
397,608,Fargo (1996),3.3425
397,2762,"Sixth Sense, The (1999)",3.3343
398,1198,Raiders of the Lost Ark (Indiana Jones and the Raiders of the Lost Ark) (1981),3.0605
398,50,"Usual Suspects, The (1995)",2.878
398,1196,Star Wars: Episode V - The Empire Strikes Back (1980),2.7263
399,920,Gone with the Wind (1939),3.5052
399,1263,"Deer Hunter, The (1978)",3.3676
399,1136,Monty Python and the Holy Grail (1975),3.301
400,480,Jurassic Park (1993),3.5067
400,318,"Shawshank Redemption, The (1994)",2.7654
400,2959,Fight Club (1999),2.7038
401,318,"Shawshank Redemption, The (1994)",4.2973
401,58559,"Dark Knight, The (2008)",4.1225
401,4993,"Lord of the Rings: The Fellowship of the Ring, The (2001)",3.6163
402,1213,Goodfellas (1990),4.5589
402,1089,Reservoir Dogs (1992),4.3586
402,1732,"Big Lebowski, The (1998)",4.0599
403,2997,Being John Malkovich (1999),3.2415
403,1220,"Blues Brothers, The (1980)",3.1706
403,4306,Shrek (2001),3.0093
404,3578,Gladiator (2000),2.8903
404,480,Jurassic Park (1993),2.7747
404,1198,Raiders of the Lost Ark (Indiana Jones and the Raiders of the Lost Ark) (1981),2.6251
405,1291,Indiana Jones and the Last Crusade (1989),3.7584
405,6539,Pirates of the Caribbean: The Curse of the Black Pearl (2003),3.4377
405,33794,Batman Begins (2005),3.4058
406,260,Star Wars: Episode IV - A New Hope (1977),3.9336
406,50,"Usual Suspects, The (1995)",3.343
406,296,Pulp Fiction (1994),3.1318
407,4226,Memento (2000),3.5801
407,50,"Usual Suspects, The (1995)",3.1828
407,593,"Silence of the Lambs, The (1991)",2.7802
408,356,Forrest Gump (1994),3.571
408,339,While You Were Sleeping (1995),3.5624
408,165,Die Hard: With a Vengeance (1995),3.0951
409,2571,"Matrix, The (1999)",4.2508
409,318,"Shawshank Redemption, The (1994)",4.0163
409,5418,"Bourne Identity, The (2002)",3.6402
410,1213,Goodfellas (1990),4.1946
410,47,Seven (a.k.a. Se7en) (1995),4.1563
410,1220,"Blues Brothers, The (1980)",4.0553
411,339,While You Were Sleeping (1995),3.0281
411,356,Forrest Gump (1994),2.5859
411,595,Beauty and the Beast (1991),2.552
412,1193,One Flew Over the Cuckoo's Nest (1975),3.9999
412,2959,Fight Club (1999),3.8524
412,32,Twelve Monkeys (a.k.a. 12 Monkeys) (1995),3.7871
413,4995,"Beautiful Mind, A (2001)",3.9393
413,1222,Full Metal Jacket (1987),3.7872
413,8528,Dodgeball: A True Underdog Story (2004),3.6148
414,50,"Usual Suspects, The (1995)",4.1242
414,4226,Memento (2000),4.0178
414,608,Fargo (1996),3.4764
415,58559,"Dark Knight, The (2008)",4.544
415,7361,Eternal Sunshine of the Spotless Mind (2004),3.8504
415,356,Forrest Gump (1994),3.818
416,648,Mission: Impossible (1996),3.5578
416,260,Star Wars: Episode IV - A New Hope (1977),3.5557
416,733,"Rock, The (1996)",3.3992
417,912,Casablanca (1942),4.075
417,593,"Silence of the Lambs, The (1991)",3.7178
417,1225,Amadeus (1984),3.6965
418,858,"Godfather, The (1972)",4.3356
418,296,Pulp Fiction (1994),4.0399
418,1,Toy Story (1995),3.8304
419,1196,Star Wars: Episode V - The Empire Strikes Back (1980),2.526
419,260,Star Wars: Episode IV - A New Hope (1977),2.1053
419,2858,American Beauty (1999),1.838
420,1307,When Harry Met Sally... (1989),4.8044
420,1197,"Princess Bride, The (1987)",4.0709
420,2918,Ferris Bueller's Day Off (1986),3.8879
421,593,"Silence of the Lambs, The (1991)",3.8874
421,260,Star Wars: Episode IV - A New Hope (1977),3.641
421,953,It's a Wonderful Life (1946),3.6176
422,318,"Shawshank Redemption, The (1994)",4.1912
422,3147,"Green Mile, The (1999)",3.8175
422,527,Schindler's List (1993),3.6111
423,589,Terminator 2: Judgment Day (1991),3.7071
423,318,"Shawshank Redemption, The (1994)",3.3941
423,380,True Lies (1994),3.1709
424,364,"Lion King, The (1994)",3.4
424,474,In the Line of Fire (1993),3.1751
424,141,"Birdcage, The (1996)",3.0027
425,2959,Fight Club (1999),4.6959
425,4993,"Lord of the Rings: The Fellowship of the Ring, The (2001)",4.5784
425,47,Seven (a.k.a. Se7en) (1995),4.5378
426,912,Casablanca (1942),4.7015
426,923,Citizen Kane (1941),4.3422
426,1193,One Flew Over the Cuckoo's Nest (1975),4.3006
427,2571,"Matrix, The (1999)",4.461
427,1196,Star Wars: Episode V - The Empire Strikes Back (1980),4.3496
427,2959,Fight Club (1999),3.7682
428,318,"Shawshank Redemption, The (1994)",3.9753
428,1222,Full Metal Jacket (1987),3.6779
428,47,Seven (a.k.a. Se7en) (1995),3.5502
429,2710,"Blair Witch Project, The (1999)",2.7934
429,2959,Fight Club (1999),2.4375
429,2395,Rushmore (1998),2.3495
430,110,Braveheart (1995),2.9983
430,349,Clear and Present Danger (1994),2.6128
430,356,Forrest Gump (1994),2.5845
431,296,Pulp Fiction (1994),3.8389
431,318,"Shawshank Redemption, The (1994)",3.5632
431,161,Crimson Tide (1995),3.3716
432,349,Clear and Present Danger (1994),3.7076
432,541,Blade Runner (1982),3.2939
432,593,"Silence of the Lambs, The (1991)",3.2781
433,79132,Inception (2010),3.8622
433,33794,Batman Begins (2005),3.5953
433,89745,"Avengers, The (2012)",3.3263
434,2571,"Matrix, The (1999)",4.3999
434,2858,American Beauty (1999),4.3948
434,527,Schindler's List (1993),4.1127
435,318,"Shawshank Redemption, The (1994)",3.7366
435,296,Pulp Fiction (1994),3.4037
435,588,Aladdin (1992),3.4006
436,161,Crimson Tide (1995),3.1248
436,50,"Usual Suspects, The (1995)",3.0358
436,110,Braveheart (1995),2.9893
437,858,"Godfather, The (1972)",3.226
437,527,Schindler's List (1993),2.9448
437,4993,"Lord of the Rings: The Fellowship of the Ring, The (2001)",2.6004
438,318,"Shawshank Redemption, The (1994)",4.7483
438,593,"Silence of the Lambs, The (1991)",3.8671
438,3147,"Green Mile, The (1999)",3.6734
439,805,"Time to Kill, A (1996)",3.3918
439,141,"Birdcage, The (1996)",2.9481
439,608,Fargo (1996),2.5776
440,2716,Ghostbusters (a.k.a. Ghost Busters) (1984),4.2946
440,50,"Usual Suspects, The (1995)",4.2149
440,1265,Groundhog Day (1993),4.0408
441,480,Jurassic Park (1993),3.3057
441,318,"Shawshank Redemption, The (1994)",3.1809
441,593,"Silence of the Lambs, The (1991)",2.7788
442,508,Philadelphia (1993),3.5298
442,141,"Birdcage, The (1996)",3.3328
442,377,Speed (1994),3.2312
443,1210,Star Wars: Episode VI - Return of the Jedi (1983),4.2323
443,1222,Full Metal Jacket (1987),3.8356
443,1617,L.A. Confidential (1997),3.7121
444,440,Dave (1993),3.3002
444,32,Twelve Monkeys (a.k.a. 12 Monkeys) (1995),2.689
444,50,"Usual Suspects, The (1995)",2.598
445,150,Apollo 13 (1995),3.7978
445,50,"Usual Suspects, The (1995)",3.742
445,357,Four Weddings and a Funeral (1994),3.7148
446,296,Pulp Fiction (1994),3.5998
446,110,Braveheart (1995),3.4062
446,318,"Shawshank Redemption, The (1994)",3.127
447,318,"Shawshank Redemption, The (1994)",3.3224
447,5952,"Lord of the Rings: The Two Towers, The (2002)",2.9958
447,2959,Fight Club (1999),2.9563
448,318,"Shawshank Redemption, The (1994)",3.9337
448,58559,"Dark Knight, The (2008)",3.5423
448,356,Forrest Gump (1994),3.4817
449,50,"Usual Suspects, The (1995)",2.9304
449,7361,Eternal Sunshine of the Spotless Mind (2004),2.6117
449,64614,Gran Torino (2008),2.5794
450,457,"Fugitive, The (1993)",4.2902
450,590,Dances with Wolves (1990),4.0401
450,296,Pulp Fiction (1994),3.562
451,356,Forrest Gump (1994),4.0354
451,1089,Reservoir Dogs (1992),3.8837
451,527,Schindler's List (1993),3.6445
452,2959,Fight Club (1999),2.2939
452,2710,"Blair Witch Project, The (1999)",1.8089
452,2706,American Pie (1999),1.7
453,318,"Shawshank Redemption, The (1994)",4.0319
453,541,Blade Runner (1982),3.7082
453,349,Clear and Present Danger (1994),3.697
454,318,"Shawshank Redemption, The (1994)",3.7213
454,161,Crimson Tide (1995),3.6124
454,588,Aladdin (1992),3.3006
455,4993,"Lord of the Rings: The Fellowship of the Ring, The (2001)",4.4654
455,2858,American Beauty (1999),4.4456
455,2571,"Matrix, The (1999)",4.4113
456,356,Forrest Gump (1994),4.4077
456,500,Mrs. Doubtfire (1993),3.5913
456,296,Pulp Fiction (1994),3.5783
457,292,Outbreak (1995),3.1643
457,588,Aladdin (1992),2.9026
457,339,While You Were Sleeping (1995),2.6417
458,1653,Gattaca (1997),3.7208
458,1748,Dark City (1998),3.6076
458,3994,Unbreakable (2000),3.4582
459,337,What's Eating Gilbert Grape (1993),2.168
459,39,Clueless (1995),1.9445
459,261,Little Women (1994),1.8663
460,2716,Ghostbusters (a.k.a. Ghost Busters) (1984),4.2076
460,2762,"Sixth Sense, The (1999)",4.1668
460,2959,Fight Club (1999),4.0681
461,1136,Monty Python and the Holy Grail (1975),4.3707
461,1208,Apocalypse Now (1979),3.8644
461,54503,Superbad (2007),3.7312
462,708,"Truth About Cats & Dogs, The (1996)",3.1759
462,608,Fargo (1996),3.0445
462,805,"Time to Kill, A (1996)",2.6602
463,2571,"Matrix, The (1999)",4.0483
463,7361,Eternal Sunshine of the Spotless Mind (2004),3.8961
463,1270,Back to the Future (1985),3.5919
464,318,"Shawshank Redemption, The (1994)",1.9902
464,593,"Silence of the Lambs, The (1991)",1.7604
464,62,Mr. Holland's Opus (1995),1.6696
465,7153,"Lord of the Rings: The Return of the King, The (2003)",3.9617
465,356,Forrest Gump (1994),3.7501
465,296,Pulp Fiction (1994),3.6434
466,4226,Memento (2000),3.0746
466,2571,"Matrix, The (1999)",2.9826
466,58559,"Dark Knight, The (2008)",2.2334
467,2959,Fight Club (1999),3.1405
467,59315,Iron Man (2008),2.6456
467,44191,V for Vendetta (2006),2.5833
468,3793,X-Men (2000),2.4387
468,2028,Saving Private Ryan (1998),2.338
468,1196,Star Wars: Episode V - The Empire Strikes Back (1980),2.045
469,475,In the Name of the Father (1993),2.7356
469,608,Fargo (1996),2.7184
469,367,"Mask, The (1994)",2.5971
470,318,"Shawshank Redemption, The (1994)",2.7508
470,2571,"Matrix, The (1999)",2.6953
470,2858,American Beauty (1999),2.5834
471,150,Apollo 13 (1995),4.0299
471,587,Ghost (1990),3.7828
471,2797,Big (1988),3.5813
472,1197,"Princess Bride, The (1987)",3.9214
472,2571,"Matrix, The (1999)",3.7465
472,2858,American Beauty (1999),3.6855
473,539,Sleepless in Seattle (1993),3.3967
473,318,"Shawshank Redemption, The (1994)",3.1269
473,590,Dances with Wolves (1990),3.1112
474,4993,"Lord of the Rings: The Fellowship of the Ring, The (2001)",3.3887
474,2762,"Sixth Sense, The (1999)",3.1257
474,356,Forrest Gump (1994),3.0901
475,1198,Raiders of the Lost Ark (Indiana Jones and the Raiders of the Lost Ark) (1981),4.5053
475,541,Blade Runner (1982),4.4994
475,48516,"Departed, The (2006)",4.3435
476,48516,"Departed, The (2006)",3.1582
476,3578,Gladiator (2000),2.8817
476,2028,Saving Private Ryan (1998),2.7897
477,4306,Shrek (2001),2.5139
477,5952,"Lord of the Rings: The Two Towers, The (2002)",2.1222
477,527,Schindler's List (1993),2.1122
478,318,"Shawshank Redemption, The (1994)",2.5389
478,364,"Lion King, The (1994)",2.3301
478,457,"Fugitive, The (1993)",2.2783
479,79132,Inception (2010),3.3708
479,6377,Finding Nemo (2003),3.2654
479,7153,"Lord of the Rings: The Return of the King, The (2003)",3.191
480,593,"Silence of the Lambs, The (1991)",4.3941
480,1193,One Flew Over the Cuckoo's Nest (1975),3.9576
480,4226,Memento (2000),3.862
481,2858,American Beauty (1999),3.191
481,2352,"Big Chill, The (1983)",2.726
481,1198,Raiders of the Lost Ark (Indiana Jones and the Raiders of the Lost Ark) (1981),2.6676
482,1196,Star Wars: Episode V - The Empire Strikes Back (1980),3.8856
482,32,Twelve Monkeys (a.k.a. 12 Monkeys) (1995),3.1146
482,1210,Star Wars: Episode VI - Return of the Jedi (1983),3.0646
483,2858,American Beauty (1999),3.5036
483,593,"Silence of the Lambs, The (1991)",3.1694
483,296,Pulp Fiction (1994),2.8797
484,260,Star Wars: Episode IV - A New Hope (1977),4.6596
484,2762,"Sixth Sense, The (1999)",4.21
484,150,Apollo 13 (1995),4.0431
485,110,Braveheart (1995),3.6957
485,2028,Saving Private Ryan (1998),3.6402
485,150,Apollo 13 (1995),3.5897
486,2959,Fight Club (1999),3.2816
486,296,Pulp Fiction (1994),2.4967
486,2571,"Matrix, The (1999)",2.3825
487,296,Pulp Fiction (1994),2.5211
487,356,Forrest Gump (1994),2.2416
487,368,Maverick (1994),1.697
488,2571,"Matrix, The (1999)",3.159
488,608,Fargo (1996),2.9072
488,110,Braveheart (1995),2.8147
489,318,"Shawshank Redemption, The (1994)",2.9375
489,2700,"South Park: Bigger, Longer and Uncut (1999)",2.5749
489,2395,Rushmore (1998),2.4129
490,4993,"Lord of the Rings: The Fellowship of the Ring, The (2001)",4.4563
490,7153,"Lord of the Rings: The Return of the King, The (2003)",4.3514
490,296,Pulp Fiction (1994),3.9505
491,110,Braveheart (1995),3.2033
491,161,Crimson Tide (1995),2.7649
491,10,GoldenEye (1995),2.524
492,161,Crimson Tide (1995),3.6123
492,457,"Fugitive, The (1993)",3.6043
492,150,Apollo 13 (1995),3.5075
493,5618,Spirited Away (Sen to Chihiro no kamikakushi) (2001),3.9006
493,293,Léon: The Professional (a.k.a. The Professional) (Léon) (1994),3.2171
493,2791,Airplane! (1980),3.1835
494,527,Schindler's List (1993),3.2756
494,356,Forrest Gump (1994),3.0205
494,1721,Titanic (1997),2.9854
495,608,Fargo (1996),4.2168
495,1291,Indiana Jones and the Last Crusade (1989),3.8384
495,2858,American Beauty (1999),3.8215
496,260,Star Wars: Episode IV - A New Hope (1977),3.8985
496,480,Jurassic Park (1993),3.7922
496,1580,Men in Black (a.k.a. MIB) (1997),3.6666
497,2571,"Matrix, The (1999)",2.1123
497,1210,Star Wars: Episode VI - Return of the Jedi (1983),1.8079
497,920,Gone with the Wind (1939),1.7363
498,150,Apollo 13 (1995),3.595
498,474,In the Line of Fire (1993),3.1025
498,349,Clear and Present Danger (1994),2.9849
499,2571,"Matrix, The (1999)",3.9556
499,47,Seven (a.k.a. Se7en) (1995),3.8152
499,858,"Godfather, The (1972)",3.5048
500,47,Seven (a.k.a. Se7en) (1995),3.3129
500,593,"Silence of the Lambs, The (1991)",3.3032
500,318,"Shawshank Redemption, The (1994)",3.3023
501,47,Seven (a.k.a. Se7en) (1995),4.2602
501,1089,Reservoir Dogs (1992),4.1685
501,1291,Indiana Jones and the Last Crusade (1989),4.1501
502,2571,"Matrix, The (1999)",2.1776
502,589,Terminator 2: Judgment Day (1991),2.129
502,6874,Kill Bill: Vol. 1 (2003),2.0934
503,318,"Shawshank Redemption, The (1994)",4.2418
503,296,Pulp Fiction (1994),3.5074
503,1221,"Godfather: Part II, The (1974)",3.4515
504,2571,"Matrix, The (1999)",4.0052
504,4993,"Lord of the Rings: The Fellowship of the Ring, The (2001)",3.6562
504,4226,Memento (2000),3.4323
505,318,"Shawshank Redemption, The (1994)",3.6705
505,10,GoldenEye (1995),2.5855
505,500,Mrs. Doubtfire (1993),2.5328
506,1198,Raiders of the Lost Ark (Indiana Jones and the Raiders of the Lost Ark) (1981),4.1297
506,457,"Fugitive, The (1993)",3.8416
506,6377,Finding Nemo (2003),3.6825
507,593,"Silence of the Lambs, The (1991)",3.1238
507,208,Waterworld (1995),2.8802
507,110,Braveheart (1995),2.8534
508,4993,"Lord of the Rings: The Fellowship of the Ring, The (2001)",4.1504
508,7153,"Lord of the Rings: The Return of the King, The (2003)",4.1494
508,2571,"Matrix, The (1999)",3.3858
509,356,Forrest Gump (1994),3.3313
509,4306,Shrek (2001),3.1699
509,527,Schindler's List (1993),2.9604
510,1198,Raiders of the Lost Ark (Indiana Jones and the Raiders of the Lost Ark) (1981),4.6872
510,1196,Star Wars: Episode V - The Empire Strikes Back (1980),4.6177
510,1136,Monty Python and the Holy Grail (1975),4.5349
511,527,Schindler's List (1993),3.3437
511,592,Batman (1989),3.1182
511,318,"Shawshank Redemption, The (1994)",2.6985
512,457,"Fugitive, The (1993)",4.0957
512,2959,Fight Club (1999),4.0614
512,3578,Gladiator (2000),4.0496
513,260,Star Wars: Episode IV - A New Hope (1977),4.3425
513,44191,V for Vendetta (2006),3.7904
513,318,"Shawshank Redemption, The (1994)",3.6154
514,3578,Gladiator (2000),2.5796
514,4993,"Lord of the Rings: The Fellowship of the Ring, The (2001)",1.926
514,3793,X-Men (2000),1.8283
515,318,"Shawshank Redemption, The (1994)",3.4193
515,1682,"Truman Show, The (1998)",2.5422
515,3578,Gladiator (2000),2.5153
516,2571,"Matrix, The (1999)",3.426
516,2959,Fight Club (1999),3.3779
516,1089,Reservoir Dogs (1992),3.1095
517,260,Star Wars: Episode IV - A New Hope (1977),3.5937
517,648,Mission: Impossible (1996),3.2482
517,5,Father of the Bride Part II (1995),2.9313
518,356,Forrest Gump (1994),4.3459
518,480,Jurassic Park (1993),3.7022
518,296,Pulp Fiction (1994),3.496
519,7153,"Lord of the Rings: The Return of the King, The (2003)",3.4308
519,858,"Godfather, The (1972)",3.4149
519,2959,Fight Club (1999),3.4006
520,318,"Shawshank Redemption, The (1994)",3.6948
520,68237,Moon (2009),3.1
520,2571,"Matrix, The (1999)",3.0813
521,318,"Shawshank Redemption, The (1994)",4.5441
521,293,Léon: The Professional (a.k.a. The Professional) (Léon) (1994),4.4056
521,47,Seven (a.k.a. Se7en) (1995),3.8665
522,296,Pulp Fiction (1994),3.2741
522,349,Clear and Present Danger (1994),3.1114
522,527,Schindler's List (1993),3.0527
523,316,Stargate (1994),3.2959
523,588,Aladdin (1992),3.151
523,150,Apollo 13 (1995),2.9922
524,260,Star Wars: Episode IV - A New Hope (1977),3.8642
524,1573,Face/Off (1997),3.5356
524,1210,Star Wars: Episode VI - Return of the Jedi (1983),3.4591
525,318,"Shawshank Redemption, The (1994)",3.6567
525,50,"Usual Suspects, The (1995)",3.2771
525,296,Pulp Fiction (1994),2.9951
526,2762,"Sixth Sense, The (1999)",3.9275
526,2858,American Beauty (1999),3.3599
526,2716,Ghostbusters (a.k.a. Ghost Busters) (1984),2.9916
527,377,Speed (1994),3.7718
527,539,Sleepless in Seattle (1993),3.4675
527,10,GoldenEye (1995),3.3105
528,527,Schindler's List (1993),4.1635
528,1270,Back to the Future (1985),3.7817
528,1240,"Terminator, The (1984)",3.3374
529,1198,Raiders of the Lost Ark (Indiana Jones and the Raiders of the Lost Ark) (1981),4.2297
529,1210,Star Wars: Episode VI - Return of the Jedi (1983),3.6372
529,1291,Indiana Jones and the Last Crusade (1989),3.4692
530,1221,"Godfather: Part II, The (1974)",4.7576
530,527,Schindler's List (1993),4.4008
530,750,Dr. Strangelove or: How I Learned to Stop Worrying and Love the Bomb (1964),4.3633
531,1270,Back to the Future (1985),3.3818
531,2571,"Matrix, The (1999)",3.0964
531,858,"Godfather, The (1972)",2.9039
532,4963,Ocean's Eleven (2001),4.113
532,4011,Snatch (2000),3.8413
532,7361,Eternal Sunshine of the Spotless Mind (2004),3.8389
533,58559,"Dark Knight, The (2008)",4.0238
533,79132,Inception (2010),3.2316
533,1,Toy Story (1995),2.9636
534,474,In the Line of Fire (1993),3.4004
534,377,Speed (1994),2.8988
534,253,Interview with the Vampire: The Vampire Chronicles (1994),2.788
535,2571,"Matrix, The (1999)",3.5069
535,5418,"Bourne Identity, The (2002)",3.3894
535,54286,"Bourne Ultimatum, The (2007)",3.2078
536,802,Phenomenon (1996),3.5141
536,1073,Willy Wonka & the Chocolate Factory (1971),2.8518
536,17,Sense and Sensibility (1995),2.594
537,908,North by Northwest (1959),3.7765
537,260,Star Wars: Episode IV - A New Hope (1977),3.548
537,1247,"Graduate, The (1967)",3.5354
538,457,"Fugitive, The (1993)",2.4557
538,527,Schindler's List (1993),2.3887
538,356,Forrest Gump (1994),2.2109
539,608,Fargo (1996),4.549
539,2858,American Beauty (1999),4.4826
539,296,Pulp Fiction (1994),4.4456
540,349,Clear and Present Danger (1994),2.4446
540,588,Aladdin (1992),2.1435
540,380,True Lies (1994),2.1324
541,47,Seven (a.k.a. Se7en) (1995),4.1085
541,318,"Shawshank Redemption, The (1994)",4.1042
541,2115,Indiana Jones and the Temple of Doom (1984),4.0546
542,1527,"Fifth Element, The (1997)",4.1016
542,6874,Kill Bill: Vol. 1 (2003),3.9018
542,6,Heat (1995),3.7591
543,3176,"Talented Mr. Ripley, The (1999)",3.1643
543,2959,Fight Club (1999),2.5256
543,223,Clerks (1994),2.4412
544,1291,Indiana Jones and the Last Crusade (1989),4.553
544,527,Schindler's List (1993),4.4283
544,318,"Shawshank Redemption, The (1994)",3.6959
545,329,Star Trek: Generations (1994),2.92
545,225,Disclosure (1994),2.3128
545,204,Under Siege 2: Dark Territory (1995),2.1151
546,527,Schindler's List (1993),4.893
546,1196,Star Wars: Episode V - The Empire Strikes Back (1980),4.6669
546,260,Star Wars: Episode IV - A New Hope (1977),4.5811
547,356,Forrest Gump (1994),4.4087
547,480,Jurassic Park (1993),4.024
547,377,Speed (1994),3.9883
548,296,Pulp Fiction (1994),3.5592
548,25,Leaving Las Vegas (1995),3.4665
548,318,"Shawshank Redemption, The (1994)",2.8501
549,7153,"Lord of the Rings: The Return of the King, The (2003)",4.2857
549,47,Seven (a.k.a. Se7en) (1995),4.1549
549,1213,Goodfellas (1990),3.9848
550,2959,Fight Club (1999),4.0544
550,318,"Shawshank Redemption, The (1994)",3.9165
550,4226,Memento (2000),3.0622
551,292,Outbreak (1995),3.7339
551,590,Dances with Wolves (1990),3.6705
551,165,Die Hard: With a Vengeance (1995),3.6069
552,62,Mr. Holland's Opus (1995),3.8883
552,648,Mission: Impossible (1996),3.8093
552,733,"Rock, The (1996)",3.7802
553,356,Forrest Gump (1994),3.5521
553,1270,Back to the Future (1985),3.3117
553,1265,Groundhog Day (1993),3.2384
554,2571,"Matrix, The (1999)",4.1705
554,2028,Saving Private Ryan (1998),3.9058
554,527,Schindler's List (1993),3.8504
555,592,Batman (1989),3.0396
555,377,Speed (1994),2.8539
555,780,Independence Day (a.k.a. ID4) (1996),2.7305
556,736,Twister (1996),3.8188
556,1,Toy Story (1995),3.785
556,788,"Nutty Professor, The (1996)",3.2255
557,1210,Star Wars: Episode VI - Return of the Jedi (1983),3.7618
557,3578,Gladiator (2000),3.4729
557,1198,Raiders of the Lost Ark (Indiana Jones and the Raiders of the Lost Ark) (1981),3.3498
558,500,Mrs. Doubtfire (1993),3.6122
558,350,"Client, The (1994)",3.2139
558,165,Die Hard: With a Vengeance (1995),3.1003
559,2858,American Beauty (1999),3.8029
559,2959,Fight Club (1999),3.1698
559,2571,"Matrix, The (1999)",3.0593
560,1222,Full Metal Jacket (1987),4.5133
560,2959,Fight Club (1999),4.3618
560,318,"Shawshank Redemption, The (1994)",4.2017
561,6,Heat (1995),4.2574
561,1136,Monty Python and the Holy Grail (1975),3.5577
561,778,Trainspotting (1996),3.4591
562,1197,"Princess Bride, The (1987)",4.8642
562,589,Terminator 2: Judgment Day (1991),4.0555
562,457,"Fugitive, The (1993)",3.7517
563,608,Fargo (1996),4.4314
563,296,Pulp Fiction (1994),4.4298
563,2571,"Matrix, The (1999)",4.091
564,480,Jurassic Park (1993),4.1918
564,589,Terminator 2: Judgment Day (1991),4.0756
564,2028,Saving Private Ryan (1998),3.3415
565,260,Star Wars: Episode IV - A New Hope (1977),4.0455
565,1196,Star Wars: Episode V - The Empire Strikes Back (1980),3.8916
565,296,Pulp Fiction (1994),3.4565
566,593,"Silence of the Lambs, The (1991)",4.0901
566,2959,Fight Club (1999),3.8935
566,318,"Shawshank Redemption, The (1994)",3.7542
567,858,"Godfather, The (1972)",3.8713
567,293,Léon: The Professional (a.k.a. The Professional) (Léon) (1994),3.854
567,1617,L.A. Confidential (1997),3.78
568,589,Terminator 2: Judgment Day (1991),4.2996
568,110,Braveheart (1995),4.0447
568,1704,Good Will Hunting (1997),3.9495
569,589,Terminator 2: Judgment Day (1991),4.1453
569,2762,"Sixth Sense, The (1999)",4.0583
569,1240,"Terminator, The (1984)",3.714
570,110,Braveheart (1995),3.627
570,296,Pulp Fiction (1994),3.4858
570,590,Dances with Wolves (1990),3.4315
571,733,"Rock, The (1996)",3.6692
571,648,Mission: Impossible (1996),3.3895
571,62,Mr. Holland's Opus (1995),3.0926
572,805,"Time to Kill, A (1996)",2.6228
572,786,Eraser (1996),2.4483
572,494,Executive Decision (1996),2.4236
573,2571,"Matrix, The (1999)",3.655
573,3114,Toy Story 2 (1999),3.5811
573,318,"Shawshank Redemption, The (1994)",3.5159
574,3147,"Green Mile, The (1999)",3.3234
574,1682,"Truman Show, The (1998)",3.0368
574,1732,"Big Lebowski, The (1998)",2.9364
575,1089,Reservoir Dogs (1992),3.9563
575,4011,Snatch (2000),3.9366
575,1259,Stand by Me (1986),3.6575
576,2959,Fight Club (1999),4.5127
576,318,"Shawshank Redemption, The (1994)",4.5016
576,5418,"Bourne Identity, The (2002)",4.2723
577,380,True Lies (1994),3.5234
577,110,Braveheart (1995),3.4932
577,648,Mission: Impossible (1996),3.2867
578,141,"Birdcage, The (1996)",3.0447
578,608,Fargo (1996),2.914
578,1073,Willy Wonka & the Chocolate Factory (1971),2.6615
579,260,Star Wars: Episode IV - A New Hope (1977),4.6992
579,733,"Rock, The (1996)",3.6084
579,36,Dead Man Walking (1995),2.6299
580,2502,Office Space (1999),4.2599
580,4993,"Lord of the Rings: The Fellowship of the Ring, The (2001)",3.7396
580,7153,"Lord of the Rings: The Return of the King, The (2003)",3.6871
581,6539,Pirates of the Caribbean: The Curse of the Black Pearl (2003),4.2551
581,4306,Shrek (2001),3.6003
581,4886,"Monsters, Inc. (2001)",3.5973
582,260,Star Wars: Episode IV - A New Hope (1977),4.3226
582,1196,Star Wars: Episode V - The Empire Strikes Back (1980),3.2667
582,1270,Back to the Future (1985),3.2049
583,733,"Rock, The (1996)",4.5704
583,32,Twelve Monkeys (a.k.a. 12 Monkeys) (1995),3.5989
583,1275,Highlander (1986),3.3985
584,858,"Godfather, The (1972)",4.2682
584,2324,Life Is Beautiful (La Vita è bella) (1997),4.1771
584,1247,"Graduate, The (1967)",3.8916
585,454,"Firm, The (1993)",3.4045
585,593,"Silence of the Lambs, The (1991)",3.1642
585,161,Crimson Tide (1995),3.0071
586,1089,Reservoir Dogs (1992),4.2889
586,6377,Finding Nemo (2003),3.8936
586,858,"Godfather, The (1972)",3.6558
587,150,Apollo 13 (1995),3.3384
587,339,While You Were Sleeping (1995),3.2073
587,589,Terminator 2: Judgment Day (1991),3.0189
588,1219,Psycho (1960),4.4586
588,1206,"Clockwork Orange, A (1971)",3.6071
588,1097,E.T. the Extra-Terrestrial (1982),3.6011
589,318,"Shawshank Redemption, The (1994)",4.3825
589,356,Forrest Gump (1994),3.6628
589,2571,"Matrix, The (1999)",3.5647
590,55820,No Country for Old Men (2007),3.767
590,457,"Fugitive, The (1993)",3.6784
590,3300,Pitch Black (2000),3.6595
591,1198,Raiders of the Lost Ark (Indiana Jones and the Raiders of the Lost Ark) (1981),3.6673
591,589,Terminator 2: Judgment Day (1991),3.4022
591,32,Twelve Monkeys (a.k.a. 12 Monkeys) (1995),3.3498
592,318,"Shawshank Redemption, The (1994)",3.7956
592,47,Seven (a.k.a. Se7en) (1995),3.7241
592,50,"Usual Suspects, The (1995)",3.3665
593,50,"Usual Suspects, The (1995)",3.1724
593,2028,Saving Private Ryan (1998),3.1686
593,2959,Fight Club (1999),3.0821
594,356,Forrest Gump (1994),3.1517
594,480,Jurassic Park (1993),3.087
594,912,Casablanca (1942),2.9044
595,805,"Time to Kill, A (1996)",3.0486
595,5,Father of the Bride Part II (1995),2.8007
595,36,Dead Man Walking (1995),2.6741
596,527,Schindler's List (1993),3.4842
596,593,"Silence of the Lambs, The (1991)",3.0555
596,50,"Usual Suspects, The (1995)",2.9944
597,318,"Shawshank Redemption, The (1994)",4.2935
597,364,"Lion King, The (1994)",4.2919
597,2571,"Matrix, The (1999)",4.2569
598,1196,Star Wars: Episode V - The Empire Strikes Back (1980),3.0543
598,260,Star Wars: Episode IV - A New Hope (1977),2.8179
598,1200,Aliens (1986),2.7538
599,48780,"Prestige, The (2006)",3.9813
599,2858,American Beauty (1999),3.842
599,2762,"Sixth Sense, The (1999)",3.735
600,1136,Monty Python and the Holy Grail (1975),4.1672
600,1090,Platoon (1986),3.5361
600,34,Babe (1995),3.4113
601,593,"Silence of the Lambs, The (1991)",4.0711
601,1213,Goodfellas (1990),3.9433
601,1230,Annie Hall (1977),3.6475
602,260,Star Wars: Episode IV - A New Hope (1977),4.0526
602,296,Pulp Fiction (1994),3.8953
602,2959,Fight Club (1999),3.8653
603,260,Star Wars: Episode IV - A New Hope (1977),4.5019
603,527,Schindler's List (1993),4.2867
603,2028,Saving Private Ryan (1998),3.6667
604,318,"Shawshank Redemption, The (1994)",3.1018
604,1210,Star Wars: Episode VI - Return of the Jedi (1983),2.9611
604,1198,Raiders of the Lost Ark (Indiana Jones and the Raiders of the Lost Ark) (1981),2.9577
605,919,"Wizard of Oz, The (1939)",3.8092
605,1219,Psycho (1960),3.6761
605,480,Jurassic Park (1993),3.6276
606,58559,"Dark Knight, The (2008)",4.4078
606,48516,"Departed, The (2006)",4.1207
606,296,Pulp Fiction (1994),3.9843
607,110,Braveheart (1995),4.3111
607,1089,Reservoir Dogs (1992),4.2469
607,223,Clerks (1994),4.0588
608,457,"Fugitive, The (1993)",3.8419
608,480,Jurassic Park (1993),3.8351
608,296,Pulp Fiction (1994),3.8003
609,1,Toy Story (1995),3.9191
609,260,Star Wars: Episode IV - A New Hope (1977),3.649
609,736,Twister (1996),2.9792
610,48516,"Departed, The (2006)",4.0742
610,5418,"Bourne Identity, The (2002)",3.8992
610,296,Pulp Fiction (1994),3.5989
611,2858,American Beauty (1999),4.4527
611,480,Jurassic Park (1993),3.8618
611,1089,Reservoir Dogs (1992),3.7109
612,2571,"Matrix, The (1999)",3.7485
612,1197,"Princess Bride, The (1987)",2.9244
612,3471,Close Encounters of the Third Kind (1977),2.7152
613,454,"Firm, The (1993)",3.3139
613,588,Aladdin (1992),3.0033
613,110,Braveheart (1995),2.9445
614,60069,WALL·E (2008),3.9602
614,1210,Star Wars: Episode VI - Return of the Jedi (1983),3.9299
614,8961,"Incredibles, The (2004)",3.6418
615,923,Citizen Kane (1941),4.8015
615,1084,Bonnie and Clyde (1967),4.105
615,1270,Back to the Future (1985),3.8528
616,47,Seven (a.k.a. Se7en) (1995),3.8386
616,58559,"Dark Knight, The (2008)",3.778
616,260,Star Wars: Episode IV - A New Hope (1977),3.7245
617,1198,Raiders of the Lost Ark (Indiana Jones and the Raiders of the Lost Ark) (1981),4.5056
617,4993,"Lord of the Rings: The Fellowship of the Ring, The (2001)",4.244
617,1196,Star Wars: Episode V - The Empire Strikes Back (1980),4.1659
618,1485,Liar Liar (1997),2.5619
618,1722,Tomorrow Never Dies (1997),2.2213
618,1407,Scream (1996),2.1668
619,356,Forrest Gump (1994),4.6094
619,296,Pulp Fiction (1994),4.4058
619,47,Seven (a.k.a. Se7en) (1995),4.1569
620,296,Pulp Fiction (1994),4.216
620,1036,Die Hard (1988),4.1623
620,1240,"Terminator, The (1984)",4.1506
621,2571,"Matrix, The (1999)",4.0857
621,48516,"Departed, The (2006)",3.3432
621,58559,"Dark Knight, The (2008)",3.141
622,7153,"Lord of the Rings: The Return of the King, The (2003)",4.6148
622,4993,"Lord of the Rings: The Fellowship of the Ring, The (2001)",4.5592
622,5952,"Lord of the Rings: The Two Towers, The (2002)",4.2229
623,527,Schindler's List (1993),4.1977
623,457,"Fugitive, The (1993)",3.8621
623,318,"Shawshank Redemption, The (1994)",3.7294
624,1407,Scream (1996),2.7803
624,1641,"Full Monty, The (1997)",2.1169
624,1438,Dante's Peak (1997),1.7989
625,2028,Saving Private Ryan (1998),4.4618
625,1196,Star Wars: Episode V - The Empire Strikes Back (1980),4.2761
625,260,Star Wars: Episode IV - A New Hope (1977),4.0848
626,4973,"Amelie (Fabuleux destin d'Amélie Poulain, Le) (2001)",2.7286
626,7361,Eternal Sunshine of the Spotless Mind (2004),2.7258
626,4993,"Lord of the Rings: The Fellowship of the Ring, The (2001)",2.5907
627,44191,V for Vendetta (2006),3.7734
627,6502,28 Days Later (2002),3.6478
627,3033,Spaceballs (1987),3.5434
628,1097,E.T. the Extra-Terrestrial (1982),3.7411
628,1265,Groundhog Day (1993),3.6231
628,912,Casablanca (1942),3.574
629,356,Forrest Gump (1994),3.737
629,4993,"Lord of the Rings: The Fellowship of the Ring, The (2001)",3.7016
629,527,Schindler's List (1993),3.6474
630,590,Dances with Wolves (1990),4.074
630,318,"Shawshank Redemption, The (1994)",3.5611
630,253,Interview with the Vampire: The Vampire Chronicles (1994),2.723
631,356,Forrest Gump (1994),3.1195
631,150,Apollo 13 (1995),2.683
631,457,"Fugitive, The (1993)",2.3499
632,260,Star Wars: Episode IV - A New Hope (1977),3.9641
632,4878,Donnie Darko (2001),3.0436
632,3793,X-Men (2000),3.029
633,2028,Saving Private Ryan (1998),4.0252
633,2959,Fight Club (1999),3.7963
633,1527,"Fifth Element, The (1997)",3.4629
634,2858,American Beauty (1999),4.298
634,296,Pulp Fiction (1994),4.2285
634,1196,Star Wars: Episode V - The Empire Strikes Back (1980),3.9729
635,318,"Shawshank Redemption, The (1994)",3.5239
635,2571,"Matrix, The (1999)",3.5188
635,296,Pulp Fiction (1994),3.4524
636,608,Fargo (1996),4.2268
636,1079,"Fish Called Wanda, A (1988)",3.9175
636,457,"Fugitive, The (1993)",3.7912
637,50,"Usual Suspects, The (1995)",2.8158
637,318,"Shawshank Redemption, The (1994)",2.7236
637,1136,Monty Python and the Holy Grail (1975),2.7216
638,2762,"Sixth Sense, The (1999)",4.0017
638,1196,Star Wars: Episode V - The Empire Strikes Back (1980),2.1945
638,1210,Star Wars: Episode VI - Return of the Jedi (1983),2.1354
639,50,"Usual Suspects, The (1995)",3.7789
639,527,Schindler's List (1993),3.1266
639,356,Forrest Gump (1994),2.9057
640,736,Twister (1996),3.5954
640,733,"Rock, The (1996)",3.4891
640,780,Independence Day (a.k.a. ID4) (1996),3.4119
641,7153,"Lord of the Rings: The Return of the King, The (2003)",4.418
641,3578,Gladiator (2000),4.3088
641,2571,"Matrix, The (1999)",4.1752
642,48516,"Departed, The (2006)",4.6495
642,44191,V for Vendetta (2006),4.1189
642,58559,"Dark Knight, The (2008)",4.0196
643,2858,American Beauty (1999),3.5315
643,2571,"Matrix, The (1999)",3.0872
643,50,"Usual Suspects, The (1995)",2.7462
644,95,Broken Arrow (1996),2.468
644,832,Ransom (1996),2.4357
644,1183,"English Patient, The (1996)",2.3524
645,110,Braveheart (1995),1.8283
645,356,Forrest Gump (1994),1.8278
645,466,Hot Shots! Part Deux (1993),1.8164
646,4993,"Lord of the Rings: The Fellowship of the Ring, The (2001)",3.9537
646,5952,"Lord of the Rings: The Two Towers, The (2002)",3.7998
646,260,Star Wars: Episode IV - A New Hope (1977),3.4767
647,3578,Gladiator (2000),4.3417
647,6539,Pirates of the Caribbean: The Curse of the Black Pearl (2003),4.251
647,5989,Catch Me If You Can (2002),4.0859
648,1073,Willy Wonka & the Chocolate Factory (1971),3.3667
648,805,"Time to Kill, A (1996)",3.1568
648,802,Phenomenon (1996),3.0187
649,356,Forrest Gump (1994),4.0268
649,2959,Fight Club (1999),3.4216
649,3147,"Green Mile, The (1999)",3.2046
650,1210,Star Wars: Episode VI - Return of the Jedi (1983),4.3292
650,1196,Star Wars: Episode V - The Empire Strikes Back (1980),4.0524
650,1198,Raiders of the Lost Ark (Indiana Jones and the Raiders of the Lost Ark) (1981),3.8432
651,2174,Beetlejuice (1988),2.3346
651,2997,Being John Malkovich (1999),2.1877
651,4306,Shrek (2001),2.1302
652,296,Pulp Fiction (1994),2.9836
652,2396,Shakespeare in Love (1998),2.7419
652,110,Braveheart (1995),2.4431
653,457,"Fugitive, The (1993)",3.9772
653,110,Braveheart (1995),3.4525
653,590,Dances with Wolves (1990),3.4025
654,590,Dances with Wolves (1990),4.5183
654,318,"Shawshank Redemption, The (1994)",3.8301
654,292,Outbreak (1995),3.4798
655,7153,"Lord of the Rings: The Return of the King, The (2003)",4.2521
655,5952,"Lord of the Rings: The Two Towers, The (2002)",4.1462
655,1196,Star Wars: Episode V - The Empire Strikes Back (1980),3.9862
656,110,Braveheart (1995),4.0923
656,150,Apollo 13 (1995),3.7228
656,454,"Firm, The (1993)",3.6163
657,1196,Star Wars: Episode V - The Empire Strikes Back (1980),3.316
657,1097,E.T. the Extra-Terrestrial (1982),2.8479
657,589,Terminator 2: Judgment Day (1991),2.7563
658,3578,Gladiator (2000),2.7473
658,2490,Payback (1999),2.5965
658,2396,Shakespeare in Love (1998),2.2973
659,4306,Shrek (2001),4.0069
659,32,Twelve Monkeys (a.k.a. 12 Monkeys) (1995),3.5218
659,1240,"Terminator, The (1984)",3.4643
660,457,"Fugitive, The (1993)",3.909
660,296,Pulp Fiction (1994),3.7194
660,349,Clear and Present Danger (1994),3.2964
661,14,Nixon (1995),2.2919
661,32,Twelve Monkeys (a.k.a. 12 Monkeys) (1995),2.2864
661,1356,Star Trek: First Contact (1996),2.2054
662,1196,Star Wars: Episode V - The Empire Strikes Back (1980),4.5137
662,1198,Raiders of the Lost Ark (Indiana Jones and the Raiders of the Lost Ark) (1981),4.4088
662,527,Schindler's List (1993),4.2839
663,480,Jurassic Park (1993),3.6375
663,110,Braveheart (1995),3.121
663,150,Apollo 13 (1995),2.968
664,589,Terminator 2: Judgment Day (1991),3.0326
664,1580,Men in Black (a.k.a. MIB) (1997),2.4053
664,1,Toy Story (1995),2.1894
665,1291,Indiana Jones and the Last Crusade (1989),3.9561
665,50,"Usual Suspects, The (1995)",3.8913
665,1198,Raiders of the Lost Ark (Indiana Jones and the Raiders of the Lost Ark) (1981),3.8508
666,2700,"South Park: Bigger, Longer and Uncut (1999)",3.2078
666,1387,Jaws (1975),2.8568
666,912,Casablanca (1942),2.747
667,2959,Fight Club (1999),4.2887
667,1196,Star Wars: Episode V - The Empire Strikes Back (1980),3.935
667,318,"Shawshank Redemption, The (1994)",3.6739
668,344,Ace Ventura: Pet Detective (1994),3.2605
668,3052,Dogma (1999),3.1293
668,2985,RoboCop (1987),2.976
